Title,URL,Status,Last Activity,First Opened,Favicon,Window ID,Tab ID
"Tab Logger - Simplify History - Chrome Web Store","https://chromewebstore.google.com/detail/tab-logger-simplify-histo/iopaidaibhkgeimaojeelbbagkdhemok?utm_source=ext_app_menu","Closed","10/26/2025, 10:10:40","10/26/2025, 10:08:48","https://ssl.gstatic.com/chrome/webstore/images/icon_48px.png","",""
"(22) Grandmaster Lobby Live Rank Push Free Fire Telugu - Munna Bhai is Live - Telugu Gaming Live #MBG - YouTube","https://www.youtube.com/watch?v=w_PdwhiVS-Y","Closed","10/26/2025, 11:21:34","10/26/2025, 11:21:08","https://www.youtube.com/s/desktop/ab67e92c/img/favicon_32x32.png","",""
"perplxity - Yahoo India Search Results","https://in.search.yahoo.com/search?fr=mcafee&type=G210IN885G91958Mc10b3da41207bf73bd6fe9295163c2bc&p=perplxity","Closed","10/26/2025, 11:40:47","10/26/2025, 11:22:37","https://in.search.yahoo.com/favicon.ico","",""
"facebook - Yahoo India Search Results","https://in.search.yahoo.com/search?fr=mcafee&type=G210IN885G91958Mc10b3da41207bf73bd6fe9295163c2bc&p=facebook","Closed","10/26/2025, 11:41:15","10/26/2025, 11:24:56","https://in.search.yahoo.com/favicon.ico","",""
"(32) YouTube","https://www.youtube.com/","Closed","10/27/2025, 13:41:59","10/26/2025, 11:20:38","https://www.youtube.com/s/desktop/ab67e92c/img/favicon_32x32.png","",""
"(32) HP Omen 16 Max Gaming Laptop â€“ â‚¹3,09,000 Gaming Beast with Omen AI! ðŸ”¥ - YouTube","https://www.youtube.com/watch?v=fnw_8doB1cg","Closed","10/27/2025, 13:43:28","10/27/2025, 13:43:27","https://www.youtube.com/s/desktop/ab67e92c/img/favicon_32x32.png","",""
"(32) ajude - YouTube","https://www.youtube.com/results?search_query=ajude","Closed","10/27/2025, 13:45:01","10/27/2025, 13:44:58","https://www.youtube.com/s/desktop/ab67e92c/img/favicon_32x32.png","",""
"(32) na anveshana videos - YouTube","https://www.youtube.com/results?search_query=na+anveshana+videos","Closed","10/27/2025, 13:45:10","10/27/2025, 13:45:09","https://www.youtube.com/s/desktop/ab67e92c/img/favicon_32x32.png","",""
"(32) Naa Anveshana - YouTube","https://www.youtube.com/@NaaAnveshana","Closed","10/27/2025, 13:45:13","10/27/2025, 13:45:12","https://www.youtube.com/s/desktop/ab67e92c/img/favicon_32x32.png","",""
"(32) Naa Anveshana - YouTube","https://www.youtube.com/@NaaAnveshana/videos","Closed","10/27/2025, 13:45:15","10/27/2025, 13:45:15","https://www.youtube.com/s/desktop/ab67e92c/img/favicon_32x32.png","",""
"(32) What to do in la paz bolivia - YouTube","https://www.youtube.com/watch?v=4keS_hc4rQc","Closed","10/27/2025, 13:45:29","10/26/2025, 11:39:43","https://www.youtube.com/s/desktop/ab67e92c/img/favicon_32x32.png","",""
"(27) LinkedIn","https://www.linkedin.com/jobs/search-results/?distance=25.0&f_TPR=r6400&geoId=102713980&keywords=data%20analyst%20intern&origin=HISTORY","Closed","10/27/2025, 15:01:33","10/27/2025, 15:01:28","https://static.licdn.com/aero-v1/sc/h/3loy7tajf3n0cho89wgg0fjre","",""
"(27) LinkedIn","https://www.linkedin.com/jobs/search-results/?currentJobId=4318035020&distance=25&eBP=BUDGET_EXHAUSTED_JOB&f_TPR=r6400&geoId=102713980&keywords=data%20analyst%20intern&origin=HISTORY&refId=mGY5v922LJq0XvQIf7%2FQTg%3D%3D&trackingId=6MgbPK8KrVwNy%2F37Z9iTug%3D%3D","Closed","10/27/2025, 15:01:52","10/27/2025, 15:01:52","https://static.licdn.com/aero-v1/sc/h/3loy7tajf3n0cho89wgg0fjre","",""
"(27) IT Solutions by IT: Overview | LinkedIn","https://www.linkedin.com/company/it-solutions-by-it/","Closed","10/27/2025, 15:01:59","10/27/2025, 15:01:59","https://static.licdn.com/aero-v1/sc/h/3loy7tajf3n0cho89wgg0fjre","",""
"(27) IT Solutions by IT: People | LinkedIn","https://www.linkedin.com/company/it-solutions-by-it/people/","Closed","10/27/2025, 15:03:04","10/27/2025, 15:02:14","https://static.licdn.com/aero-v1/sc/h/3loy7tajf3n0cho89wgg0fjre","",""
"Retail Sales Dataset","https://www.kaggle.com/datasets/mohammadtalib786/retail-sales-dataset?utm_source=chatgpt.com","Closed","10/28/2025, 13:34:43","10/28/2025, 13:34:37","https://www.kaggle.com/static/images/favicon.ico","",""
"Login or Register | Kaggle","https://www.kaggle.com/account/login?titleType=dataset-downloads&showDatasetDownloadSkip=False&messageId=datasetsWelcome&returnUrl=%2Fdatasets%2Fmohammadtalib786%2Fretail-sales-dataset%2Fversions%2F1%3Fresource%3Ddownload","Closed","10/28/2025, 13:36:07","10/28/2025, 13:36:05","https://www.kaggle.com/static/images/favicon.ico","",""
"Sign in - Google Accounts","https://accounts.google.com/o/oauth2/v2/auth?client_id=280951542138-r7h1ksj23kps66ri9j7dpc1cfks39ggv.apps.googleusercontent.com&scope=openid%20profile%20email&response_type=code&redirect_uri=https%3A%2F%2Fwww.kaggle.com%2Fsignin-google&code_challenge=ou5WX6xFOlGNmUSGMH549frKffkB1_UgvNqeubSktZo&code_challenge_method=S256&state=CfDJ8IaGWDgvvrBFtGGva9hUIY4PR2PxiwwqDp7XhTNqVBh6gUm6pXpb7Q7gFpaPPZ25dXK6zPmIMnyN-cZYfFiEQZRFtgB_ZyMWFlQ_Od1imHHGjeJgSc4uUXjqd6WC334-hqfH3uO9KctlRk7JcTCEad1uo-T-KbQfZKZNIwGIj8VmegRIja8nagjTtkFj00UE8Eo1nCtvTzeLDvuxM1T_BGJDMx56P-MpeEKg4_Rya0ora0l--7-3cTv1KE6DTO2-F9mraCY5_PgW926SnMIiBS-SAi58gYEGVUedq2xTcJdtr9-T2yN8gHn-hUS5rFPTBUBkW8vr12mTN2vnTJFA87ymWtF1qD1tw4Mvdo_-BGgmotNUitS6iTZyaVmFmGPXoDJ52h19Fg0KwEBVuVqyWboMELPiJYkt9SY2Vhoe6JFEKaUMUEdp5Us","Closed","10/28/2025, 13:36:11","10/28/2025, 13:36:08","","",""
"Sign in - Google Accounts","https://accounts.google.com/o/oauth2/v2/auth/oauthchooseaccount?client_id=280951542138-r7h1ksj23kps66ri9j7dpc1cfks39ggv.apps.googleusercontent.com&scope=openid%20profile%20email&response_type=code&redirect_uri=https%3A%2F%2Fwww.kaggle.com%2Fsignin-google&code_challenge=ou5WX6xFOlGNmUSGMH549frKffkB1_UgvNqeubSktZo&code_challenge_method=S256&state=CfDJ8IaGWDgvvrBFtGGva9hUIY4PR2PxiwwqDp7XhTNqVBh6gUm6pXpb7Q7gFpaPPZ25dXK6zPmIMnyN-cZYfFiEQZRFtgB_ZyMWFlQ_Od1imHHGjeJgSc4uUXjqd6WC334-hqfH3uO9KctlRk7JcTCEad1uo-T-KbQfZKZNIwGIj8VmegRIja8nagjTtkFj00UE8Eo1nCtvTzeLDvuxM1T_BGJDMx56P-MpeEKg4_Rya0ora0l--7-3cTv1KE6DTO2-F9mraCY5_PgW926SnMIiBS-SAi58gYEGVUedq2xTcJdtr9-T2yN8gHn-hUS5rFPTBUBkW8vr12mTN2vnTJFA87ymWtF1qD1tw4Mvdo_-BGgmotNUitS6iTZyaVmFmGPXoDJ52h19Fg0KwEBVuVqyWboMELPiJYkt9SY2Vhoe6JFEKaUMUEdp5Us&service=lso&o2v=2&flowName=GeneralOAuthFlow","Closed","10/28/2025, 13:36:13","10/28/2025, 13:36:11","https://www.google.com/favicon.ico","",""
"Sign in â€“ Google accounts","https://accounts.google.com/signin/oauth/id?authuser=0&part=AJi8hAN6JaAlpw2mRow1xowIgBpePgbHXo9krsN0nTgnnF1nmaB3Ie8RRDIKjmhONr2lZk4r7l1-t5_ciRw2erQR-bnIIcl3LM5L-1seAqNMvNeCJ6dfSFiHXVkfeoF-3B-ooBNxguqqoT2rAxIfctYGRlrVq8oo-UfUqcV5Mc6rCkyOb__l1r3DSId_XlVQIqFVUc-ygJBhTIobd2bEpr123ElTzbLS_k9i0F0ZAhZuAKh2WMp1tLWRPnyBagv2VU40IbrchzsvorZYigYmLDwoPRniqutqYRg6qe_Wgk1srj5EiH9LExdPOsxiMnkwUpqrKynfqOhtjhV_mturINDDUh-DryM9fHkjm4C9GZW1An1SibSBt4AFHdlss5LnTce3AGUmymcjaoG8JAzd8DdDz9gvJUiDeiubJTzbu9hcvrJnPpCBHDFnag7_LiI6Z3vK5rAtRS3QfuRGEkz_0PTRTgDw3lgCSoG54OZQkJpKEvKo6CtxuFrMENiOOdnk5oHhTPc9Jq8z6uPFZWLqUuIerbmUhDlwf2Q5lOYPIwuCRxGQB8G69zjdZTJ-u3C6nY_RIp05nhAc2sn7Wt7tjZqmboePiAwQSZv99TdNDZ2y3155do2kXQp7-N_fBVK5GydXPq-r2gBaE21Emgsng6Bi3fm9Qeuw_risNn3EwkVxV26I12-exhV3-mCFtp5pklTCExvV-3Y_tkmHK2aPpB5vlG9-8ATLRMFd2G8FpONndcabN8N60VZP0Rj_Vx79gCC1CddOPE4erAlWBN5jCYg566Uf570O8gsPqC0hbXYxdFELGZYzeeR2UdW9Z-z4nOl0fHx6v4aFDC1UsJXSV5GHXvQhNbL7sw&flowName=GeneralOAuthFlow&as=S-1121578648%3A1761638749950018&client_id=280951542138-r7h1ksj23kps66ri9j7dpc1cfks39ggv.apps.googleusercontent.com&rapt=AEjHL4Py52zAFIU6T3BlIIctRjX27lzcYDknW8u2eiuME_D4yxTmH-tNH9I4OIrbCYhKJ6hq3tXytcvGF5wtC7n952oXhOviIg#","Closed","10/28/2025, 13:36:16","10/28/2025, 13:36:15","https://accounts.google.com/favicon.ico","",""
"Retail Sales Dataset | Kaggle","https://www.kaggle.com/datasets/mohammadtalib786/retail-sales-dataset/versions/1?resource=download","Closed","10/28/2025, 13:36:20","10/28/2025, 13:36:19","","",""
"Innomatics Research Labs","https://online.innomatics.in/myaccount/#/course/177714/classrecords?class_id=415660&lesson=1883007&section=419210&subject=415660","Closed","10/28/2025, 13:37:13","10/27/2025, 11:38:46","https://dme2wmiz2suov.cloudfront.net/Institution(149)/Logo/573324-Innomatics_research_labs_fevicon_Logo.png","",""
"Correct Python syntax","https://chatgpt.com/c/69006927-06c8-8324-93c8-aebe94b6e7f8","Closed","10/28/2025, 13:37:13","10/28/2025, 12:27:07","https://cdn.oaistatic.com/assets/favicon-l4nq08hd.svg","",""
"Retail Sales Dataset","https://www.kaggle.com/datasets/mohammadtalib786/retail-sales-dataset?resource=download","Closed","10/28/2025, 13:37:13","10/28/2025, 13:36:22","https://www.kaggle.com/static/images/favicon.ico","",""
"Gmail","https://mail.google.com/mail/u/0/","Closed","10/28/2025, 14:31:35","10/28/2025, 14:31:35","https://ssl.gstatic.com/ui/v1/icons/mail/rfr/gmail.ico","",""
"Inbox (6,630) - tejadurga448@gmail.com - Gmail","https://mail.google.com/mail/u/0/#inbox","Closed","10/28/2025, 14:31:44","10/28/2025, 14:31:39","https://ssl.gstatic.com/ui/v1/icons/mail/rfr/gmail.ico","",""
"Opportunities - Instahyre","https://www.instahyre.com/candidate/opportunities/0/?opp_id=5640008165&job_id=397661","Closed","10/28/2025, 14:32:17","10/28/2025, 14:32:14","https://www.instahyre.com/favicon.ico","",""
"Opportunities - Instahyre","https://www.instahyre.com/candidate/opportunities/","Closed","10/28/2025, 14:35:22","10/28/2025, 14:35:21","https://www.instahyre.com/favicon.ico","",""
"Opportunities - Instahyre","https://www.instahyre.com/candidate/opportunities/?matching=true","Closed","10/28/2025, 14:35:22","10/28/2025, 14:32:17","https://www.instahyre.com/favicon.ico","",""
"indeed jobs - Yahoo India Search Results","https://in.search.yahoo.com/search?fr=mcafee&type=G210IN885G91958Mc10b3da41207bf73bd6fe9295163c2bc&p=indeed+jobs","Closed","10/28/2025, 14:39:10","10/28/2025, 14:38:45","https://in.search.yahoo.com/favicon.ico","",""
"7,000 Job Vacancies in Hyderabad, Telangana | Indeed","https://in.indeed.com/l-hyderabad,-telangana-jobs.html","Closed","10/28/2025, 14:39:51","10/28/2025, 14:39:51","","",""
"7,000 Job Vacancies in Hyderabad, Telangana | Indeed","https://in.indeed.com/l-hyderabad,-telangana-jobs.html?vjk=aadd7038a87721df","Closed","10/28/2025, 14:39:57","10/28/2025, 14:39:55","https://in.indeed.com/images/favicon.ico","",""
"Profile - Contact information - Indeed","https://profile.indeed.com/edit/contact","Closed","10/28/2025, 14:41:54","10/28/2025, 14:41:54","https://d2dpn9u6thkht3.cloudfront.net/profile-one-frontend/088ebc97294618082f3dd85bedcaa3148b09164b/buckets/control/static/icons/favicon.svg","",""
"My Indeed Profile","https://profile.indeed.com/?hl=en_IN&co=IN&from=gnav-jobsearch--indeedmobile","Closed","10/28/2025, 14:42:37","10/28/2025, 14:40:45","https://d2dpn9u6thkht3.cloudfront.net/profile-one-frontend/088ebc97294618082f3dd85bedcaa3148b09164b/buckets/control/static/icons/favicon.svg","",""
"Resume Worded - Free instant feedback on your resume and LinkedIn profile","https://resumeworded.com/","Closed","10/28/2025, 14:46:52","10/28/2025, 14:46:48","https://resumeworded.com/favicon.ico","",""
"Sign in - Google Accounts","https://accounts.google.com/o/oauth2/v2/auth?as=Q87-HmT6ggoY0DXCONWpxy8BSwev6LBuPJhcPDP3jns&client_id=807421527147-7ok9nq7cklbjhd8a8hns3lp8e5gtg0ki.apps.googleusercontent.com&scope=openid%20email%20profile&response_type=id_token&gsiwebsdk=gis_attributes&redirect_uri=gis_transform&response_mode=form_post&origin=https%3A%2F%2Fresumeworded.com&display=popup&prompt=select_account&gis_params=ChhodHRwczovL3Jlc3VtZXdvcmRlZC5jb20SDWdpc190cmFuc2Zvcm0YByorUTg3LUhtVDZnZ29ZMERYQ09OV3B4eThCU3dldjZMQnVQSmhjUERQM2puczJIODA3NDIxNTI3MTQ3LTdvazlucTdja2xiamhkOGE4aG5zM2xwOGU1Z3RnMGtpLmFwcHMuZ29vZ2xldXNlcmNvbnRlbnQuY29tOAFCQDA2MTM1M2FlYmZlNThjYzA5ZjQ0ZTliYTdjYmJmZWEwNWE1MjFiN2ZlMWUwN2MwZjliODcwYjA3YTA2YmZiODY","Closed","10/28/2025, 14:47:09","10/28/2025, 14:47:08","","",""
"Sign in - Google Accounts","https://accounts.google.com/o/oauth2/v2/auth/oauthchooseaccount?as=Q87-HmT6ggoY0DXCONWpxy8BSwev6LBuPJhcPDP3jns&client_id=807421527147-7ok9nq7cklbjhd8a8hns3lp8e5gtg0ki.apps.googleusercontent.com&scope=openid%20email%20profile&response_type=id_token&gsiwebsdk=gis_attributes&redirect_uri=gis_transform&response_mode=form_post&origin=https%3A%2F%2Fresumeworded.com&display=popup&prompt=select_account&gis_params=ChhodHRwczovL3Jlc3VtZXdvcmRlZC5jb20SDWdpc190cmFuc2Zvcm0YByorUTg3LUhtVDZnZ29ZMERYQ09OV3B4eThCU3dldjZMQnVQSmhjUERQM2puczJIODA3NDIxNTI3MTQ3LTdvazlucTdja2xiamhkOGE4aG5zM2xwOGU1Z3RnMGtpLmFwcHMuZ29vZ2xldXNlcmNvbnRlbnQuY29tOAFCQDA2MTM1M2FlYmZlNThjYzA5ZjQ0ZTliYTdjYmJmZWEwNWE1MjFiN2ZlMWUwN2MwZjliODcwYjA3YTA2YmZiODY&service=lso&o2v=1&flowName=GeneralOAuthFlow","Closed","10/28/2025, 14:47:13","10/28/2025, 14:47:12","https://www.google.com/favicon.ico","",""
"Sign in - Google Accounts","https://accounts.google.com/signin/oauth/id?authuser=2&part=AJi8hAOxD7Eyb273quwWAE86KpHtu_m2DhtrAEyP9L2IORZP_9tFZ11ZZjGbsyDzNOF1o6o_3xUuZObeqtBZ_mFOI8PT36UoIvyUbmyyMR3e3oG8yYGwUbTZSW2JnoprdxjFPJt-fSnXa_nCoVBcowuFl9hHO0T-o6NecaalH_ZShGEoJjwJuGfD2j6rNKB_bfQCRd-T6r1TJN-vBjYEdNOkTLmkOIpFvHONH3JZ4ncYfFjsJtFzdObxoCMWENeTVcbIk8IPRWolzgm_W2lejZQr5bGB4IOzgePaDIA0S9jJfx-x7QOx7VyTS6kGR1CpH5GO8tQobpgezNdCasNZg2Kap0Puudrb5ykhSwg7NetIj-ZtHxy5QiEawUh_TyJ-U6Wa4aXdr0WBDSTWTWSdneD4Dlx-T9BzkpXlCtHGYIWOWPG809jNnMoMN7OUeTlLHwCqMQKQMacko8QoJ3-3yBBa34Waz7Hy0zkPobUPIofxcGUo8deOAzuvCPD0V73Bpt5hlvHI71XbKXffogIyMUKT6o8XzIm8CSkgwVv9EGhs4h4Y4cZXT1hXMx0MW5UkP71nTnWrzZANa-2oYvzIXrIbTI7MwWA8W9dpaCOhJAFTu3MtwUeDSH9-7rtm7hw6LWjqBZS4tNHIe3sMwk1YBMGQAOLlY9edfXKTdNEfVSOlUSWADBMBhxl5ejfk5Scd8BHJftTX0bFkTNlnm3DUtVDj-cmiPQLc3_rqf5u_1BqJle2NNzRC6-qlgjT_cohIn3n3nJjC_feDPHbkIGXghS9fHrjQlwpasqhUZntWZn2MfSbOh2_QljZYa3DaRbnB2CqtDPZIcJ2ixpJ3jMCt6TwYH9rS3R_LEzDsxJU4g5t931yRPSV0E-4&flowName=GeneralOAuthFlow&as=Q87-HmT6ggoY0DXCONWpxy8BSwev6LBuPJhcPDP3jns&client_id=807421527147-7ok9nq7cklbjhd8a8hns3lp8e5gtg0ki.apps.googleusercontent.com&rapt=AEjHL4MBlPiOOYaJAb2pQo-_1hHFa7HCZTcfpNeaQqQgX9K1mFdqta0IOtj47AiSM5YkHSKZ_Cn_3pEgEyuwvowWbjiLc1WmVQ#","Closed","10/28/2025, 14:47:17","10/28/2025, 14:47:16","https://accounts.google.com/favicon.ico","",""
"accounts.google.com/signin/oauth/consent?as=Q87-HmT6ggoY0DXCONWpxy8BSwev6LBuPJhcPDP3jns&authuser=2&client_id=807421527147-7ok9nq7cklbjhd8a8hns3lp8e5gtg0ki.apps.googleusercontent.com&flowName=GeneralOAuthFlow&part=AJi8hAOPLVtnkA16rprO70EmbzLGmNL9ZRhDM4AjM5VA2veDtBG-Hnl5L-DfZbDXexNTeT8xQuNx0tlHlrA5NpY1u41RHg7LtwUhqcdM3fRgI6elEEou8VKeEKSc7F69U-wWlQd7o6e1EhCCFh96oMeORI6I-XgPIKs4i2bEzu7KEgTWoFVzaC1vVhyfS-DuwMomcS-TjbQuf4Z2tmpgR9NXuJFewtDkwbf1fakoMicZfL70W8s_ass-zJr3Be5Zv97hrW7YVrBnSDGmUOvWOZunq7Ws2P8PvjmqZ62k6nKpc5-tcoebiImZSDSdvKHMTM3sV1lpNwRlo9GOUn5icwnzKWQpVktp390Pcbwo6Mu-vzGQRP6zDsl36z7MlDY5h0ejmD6vcTd0CKh85Ma2h3tkfyw-4mHsEv7aFZAYlDeNRmBEKRdSQcYOf-61hNukslOi9HkQ-puXVipKFOMi_Ludc2ECO-yA1ah2fW5wupyhNzntBJGYh8dDHsykNmC7T6RFFn3qrNYQY58zW2sKZh6u4LfHfKcy3u2eBHQlHOoLjDDQd4IPKE2XPP9h2B2cDAiK11tUJHTRdFEiaua-JjnDlCJzMSz0kcq_AOncKWo2GxVAsdrsgnrrbb5kmK6k7JbF4ugipaerG5a95B0qDfF-bd-5c6oDZk73RJwoDMBw0sq093yEMn_YWGTmhZhXa1O-qXzqYL2ebiB3nlhbgtJzLN5YCCimjDbuiqFNyXzn7-zEHGUpokKo2ulnNWq4Ns-va0Augnif613EVk295PzzTuf68HRGC25viH-jYzzn0iIfWoproFdaYISFKx3UMUcJQ2i7VWJKoe_8UAwUI47fCiSogC7W937PeHAZ2WvdkZ4kSSPB4Os&rapt=AEjHL4MBlPiOOYaJAb2pQo-_1hHFa7HCZTcfpNeaQqQgX9K1mFdqta0IOtj47AiSM5YkHSKZ_Cn_3pEgEyuwvowWbjiLc1WmVQ&xsrf=AHxBXvJsDqRj8MU9i5QZmDScZNTF%3A1761643017223","https://accounts.google.com/signin/oauth/consent?as=Q87-HmT6ggoY0DXCONWpxy8BSwev6LBuPJhcPDP3jns&authuser=2&client_id=807421527147-7ok9nq7cklbjhd8a8hns3lp8e5gtg0ki.apps.googleusercontent.com&flowName=GeneralOAuthFlow&part=AJi8hAOPLVtnkA16rprO70EmbzLGmNL9ZRhDM4AjM5VA2veDtBG-Hnl5L-DfZbDXexNTeT8xQuNx0tlHlrA5NpY1u41RHg7LtwUhqcdM3fRgI6elEEou8VKeEKSc7F69U-wWlQd7o6e1EhCCFh96oMeORI6I-XgPIKs4i2bEzu7KEgTWoFVzaC1vVhyfS-DuwMomcS-TjbQuf4Z2tmpgR9NXuJFewtDkwbf1fakoMicZfL70W8s_ass-zJr3Be5Zv97hrW7YVrBnSDGmUOvWOZunq7Ws2P8PvjmqZ62k6nKpc5-tcoebiImZSDSdvKHMTM3sV1lpNwRlo9GOUn5icwnzKWQpVktp390Pcbwo6Mu-vzGQRP6zDsl36z7MlDY5h0ejmD6vcTd0CKh85Ma2h3tkfyw-4mHsEv7aFZAYlDeNRmBEKRdSQcYOf-61hNukslOi9HkQ-puXVipKFOMi_Ludc2ECO-yA1ah2fW5wupyhNzntBJGYh8dDHsykNmC7T6RFFn3qrNYQY58zW2sKZh6u4LfHfKcy3u2eBHQlHOoLjDDQd4IPKE2XPP9h2B2cDAiK11tUJHTRdFEiaua-JjnDlCJzMSz0kcq_AOncKWo2GxVAsdrsgnrrbb5kmK6k7JbF4ugipaerG5a95B0qDfF-bd-5c6oDZk73RJwoDMBw0sq093yEMn_YWGTmhZhXa1O-qXzqYL2ebiB3nlhbgtJzLN5YCCimjDbuiqFNyXzn7-zEHGUpokKo2ulnNWq4Ns-va0Augnif613EVk295PzzTuf68HRGC25viH-jYzzn0iIfWoproFdaYISFKx3UMUcJQ2i7VWJKoe_8UAwUI47fCiSogC7W937PeHAZ2WvdkZ4kSSPB4Os&rapt=AEjHL4MBlPiOOYaJAb2pQo-_1hHFa7HCZTcfpNeaQqQgX9K1mFdqta0IOtj47AiSM5YkHSKZ_Cn_3pEgEyuwvowWbjiLc1WmVQ&xsrf=AHxBXvJsDqRj8MU9i5QZmDScZNTF%3A1761643017223","Closed","10/28/2025, 14:47:33","10/28/2025, 14:47:32","","",""
"Sign In - Google Accounts","https://accounts.google.com/gsi/transform","Closed","10/28/2025, 14:47:33","10/28/2025, 14:47:33","https://accounts.google.com/favicon.ico","",""
"Resume Worded - Login to your Account","https://resumeworded.com/account-login","Closed","10/28/2025, 14:47:34","10/28/2025, 14:47:01","https://resumeworded.com/favicon.ico","",""
"Resume Worded - My Account","https://resumeworded.com/my-home?sign_up_complete=1","Closed","10/28/2025, 14:49:27","10/28/2025, 14:47:37","https://resumeworded.com/favicon.ico","",""
"Resume Worded - Upload your Resume","https://resumeworded.com/upload-resume","Closed","10/28/2025, 14:49:44","10/28/2025, 14:49:43","https://resumeworded.com/favicon.ico","",""
"Loading...","https://resumeworded.com/loading.php","Closed","10/28/2025, 14:49:54","10/28/2025, 14:49:53","https://resumeworded.com/favicon.ico","",""
"Abhijayâ€™s resume ATS prompt - Google Docs","https://docs.google.com/document/d/1PqnVqpum77j_jy9VqhfXfjQBHEO84Qiypha7SR4_NrU/edit?tab=t.0#heading=h.ag824bmlf0jf","Closed","10/28/2025, 14:52:21","10/28/2025, 14:52:10","https://ssl.gstatic.com/docs/documents/images/kix-favicon-2023q4.ico","",""
"Innomatics Research Labs","https://online.innomatics.in/myaccount/#/classes","Closed","10/28/2025, 15:05:56","10/27/2025, 15:04:32","https://dme2wmiz2suov.cloudfront.net/Institution(149)/Logo/573324-Innomatics_research_labs_fevicon_Logo.png","",""
"The AI workspace that works for you. | Notion","https://www.notion.com/","Closed","10/28/2025, 15:37:45","10/28/2025, 15:37:41","https://www.notion.com/front-static/favicon.ico","",""
"Notion","https://www.notion.so/login?from=marketing&pathname=%2F&tid=69c3bb0b30ef46949776918cd176e26f&personalization=%257B%2522business%2522%253A0%252C%2522personal%2522%253A0%252C%2522education%2522%253A0%252C%2522ai%2522%253A0%257D","Closed","10/28/2025, 15:37:50","10/28/2025, 15:37:47","","",""
"Notion","https://www.notion.so/login?from=marketing&pathname=%2F&personalization=%257B%2522business%2522%253A0%252C%2522personal%2522%253A0%252C%2522education%2522%253A0%252C%2522ai%2522%253A0%257D","Closed","10/28/2025, 15:37:51","10/28/2025, 15:37:51","","",""
"notion - Yahoo India Search Results","https://in.search.yahoo.com/search?fr=mcafee&type=G210IN885G91958Mc10b3da41207bf73bd6fe9295163c2bc&p=notion","Closed","10/28/2025, 15:37:51","10/28/2025, 15:37:38","https://in.search.yahoo.com/favicon.ico","",""
"Abhijayâ€™s resume ATS prompt - Google Docs","https://docs.google.com/document/d/1PqnVqpum77j_jy9VqhfXfjQBHEO84Qiypha7SR4_NrU/edit?tab=t.0","Closed","10/28/2025, 15:37:52","10/28/2025, 14:52:50","https://ssl.gstatic.com/docs/documents/images/kix-favicon-2023q4.ico","",""
"Resume Worded - Score My Resume Results","https://resumeworded.com/results-v2.php","Closed","10/28/2025, 15:37:55","10/28/2025, 14:50:02","https://resumeworded.com/favicon.ico","",""
"resume worded - Yahoo India Search Results","https://in.search.yahoo.com/search?fr=mcafee&type=G210IN885G91958Mc10b3da41207bf73bd6fe9295163c2bc&p=resume+worded","Closed","10/28/2025, 15:37:57","10/28/2025, 14:46:39","https://in.search.yahoo.com/favicon.ico","",""
"Jobs, Headhunters and Career Services | JobLeads","https://www.jobleads.com/home","Closed","10/28/2025, 15:37:59","10/28/2025, 14:39:00","https://www.jobleads.com/favicon.ico","",""
"My Indeed Profile","https://profile.indeed.com/qualifications","Closed","10/28/2025, 15:37:59","10/28/2025, 14:44:54","https://d2dpn9u6thkht3.cloudfront.net/profile-one-frontend/088ebc97294618082f3dd85bedcaa3148b09164b/buckets/control/static/icons/favicon.svg","",""
"indeed jobs search - Yahoo India Search Results","https://in.search.yahoo.com/search;_ylt=AwrKBFoKiABpEgIACVK7HAx.;_ylc=X1MDMjExNDcyMzAwMwRfcgMyBGZyA21jYWZlZQRmcjIDc2EtZ3Atc2VhcmNoBGdwcmlkA1hMcmxPb1oyU0RpR2syajBZUldHMUEEbl9yc2x0AzAEbl9zdWdnAzkEb3JpZ2luA2luLnNlYXJjaC55YWhvby5jb20EcG9zAzEEcHFzdHIDaW5kZWVkIGpvYnMgc2VhBHBxc3RybAMxNQRxc3RybAMxOARxdWVyeQNpbmRlZWQlMjBqb2JzJTIwc2VhcmNoBHQ1cG9zAzEEdF9zdG1wAzE3NjE2NDI1NzQEdXNlX2Nhc2UD?p=indeed+jobs+search&fr=mcafee&type=G210IN885G91958Mc10b3da41207bf73bd6fe9295163c2bc&fr2=sa-gp-search","Closed","10/28/2025, 15:38:00","10/28/2025, 14:39:34","https://in.search.yahoo.com/favicon.ico","",""
"Teja Swaroop - Instahyre","https://www.instahyre.com/candidate/profile/","Closed","10/28/2025, 15:38:03","10/28/2025, 14:33:23","https://www.instahyre.com/favicon.ico","",""
"notion.so/verifyNoPopupBlockerHtmlAndRedirect?redirectUri=https%3A%2F%2Fwww.notion.so%2Fgooglepopupredirect%3FcallbackType%3Dpopup%26redirectToAuth%3Dtrue%26requestId%3D47637f12-c178-4627-8b85-7c705a999292","https://www.notion.so/verifyNoPopupBlockerHtmlAndRedirect?redirectUri=https%3A%2F%2Fwww.notion.so%2Fgooglepopupredirect%3FcallbackType%3Dpopup%26redirectToAuth%3Dtrue%26requestId%3D47637f12-c178-4627-8b85-7c705a999292","Closed","10/28/2025, 15:38:09","10/28/2025, 15:38:09","","",""
"Sign in - Google Accounts","https://accounts.google.com/o/oauth2/v2/auth?access_type=offline&scope=profile%20email%20https%3A%2F%2Fwww.googleapis.com%2Fauth%2Fuserinfo.profile&state=eyJjYWxsYmFja1R5cGUiOiJwb3B1cCIsImVuY3J5cHRlZFRva2VuIjoidjAyOmxvZ2luX3dpdGhfZ29vZ2xlOnRJY1Y5RjItai16eXJ5REdfZFRqOXFxWHRCZ1VDUVJGb29tVGZlYzdtTnFZMW1fbExuNW9tb0hsOE5xdzJnNUN3STVMMjkwM2hwaG1KOF9sN252Nko5SVBsQ3FGMGtfc3cxWmJqYXZ5dHlsLU02TWFDNUhSbF94MVNoTU5VOXVFMElMeSJ9&prompt=select_account&response_type=code&client_id=905154081809-858sm3f0qnalqd9d44d9gecjtrdji9tf.apps.googleusercontent.com&redirect_uri=https%3A%2F%2Fwww.notion.so%2Fgooglepopupcallback","Closed","10/28/2025, 15:38:12","10/28/2025, 15:38:09","","",""
"Sign in - Google Accounts","https://accounts.google.com/o/oauth2/v2/auth/oauthchooseaccount?access_type=offline&scope=profile%20email%20https%3A%2F%2Fwww.googleapis.com%2Fauth%2Fuserinfo.profile&state=eyJjYWxsYmFja1R5cGUiOiJwb3B1cCIsImVuY3J5cHRlZFRva2VuIjoidjAyOmxvZ2luX3dpdGhfZ29vZ2xlOnRJY1Y5RjItai16eXJ5REdfZFRqOXFxWHRCZ1VDUVJGb29tVGZlYzdtTnFZMW1fbExuNW9tb0hsOE5xdzJnNUN3STVMMjkwM2hwaG1KOF9sN252Nko5SVBsQ3FGMGtfc3cxWmJqYXZ5dHlsLU02TWFDNUhSbF94MVNoTU5VOXVFMElMeSJ9&prompt=select_account&response_type=code&client_id=905154081809-858sm3f0qnalqd9d44d9gecjtrdji9tf.apps.googleusercontent.com&redirect_uri=https%3A%2F%2Fwww.notion.so%2Fgooglepopupcallback&service=lso&o2v=2&flowName=GeneralOAuthFlow","Closed","10/28/2025, 15:38:15","10/28/2025, 15:38:13","https://www.google.com/favicon.ico","",""
"Sign in â€“ Google accounts","https://accounts.google.com/signin/oauth/id?authuser=0&part=AJi8hAOCjBt_IIM6H8icKBd_yZNpULaH0TQwUYgcssdp5rAbtdStSVMdMbscVyFBjLz9JfrOwg0ywv-PFDJ2VOx1XUNSU8urCHCcuRVG8lWK7WE4H80uopuH1tD-MPksXdaCfrn9YiJ0lhCOySCwejqGfb7eEFuGxi5IjcHUaDD79BwqMy-xI7OjkQhlEhtuF_Wr1eBipW7bDY2NIuZ_r1G43mNL1orTLj2LyCtUDit_uAYCstdjt3NalXtwUMmiHUqGusXsI0zQp-7Efr_vtUsad4r9uEwSEhdrCBy2TDnuI2a2U4HxIjSBWD0tLQpp4MdqMB4KHVZx637HHCz4cR99SOVA8lFFMdTt2claOHkFy2UsaJordRTAmx_71MPaQN50yGKhqQvOCT9DM57vuc7KtaMrteqFt4oEnxV1ASN2pVt4oRY_U_zmxL39WA-x2xG4dnA52K5-gyltmx18jMii56dtbSTC6aG4ztF7VxXmjme_Gf4-nU4pqo0Gop-bEqYnZTtsI3YSyq0hg5dOS8hykT0Iw8vPDQuvJNJFBHhXkj73enMvCNbuWOLWkFqzUer_Vo1H37RtPuxog0omCjBNerVwU3PQr9WLDXigENWckOlXeKSVwDr1uxCDCeSRZr3potpw1ZZWiTK7V42ftrNPwFgqywKsI4UzQafJUzpazl_T2EQy2zMpEDTYXPUaIVOxK1b28eYCOjANJRg-A33oQ7OZemKcHJThI6HlojKnzZbT7O8UVfzVTAW8LnRU6j4pzbQr4PWytBX_OQ4rLwPolZyqVDuSkXXkBiQVxHt2CSL8bNjtDddbqcUAmtCLKwucFjA4uaq1bJKvL_PSifXDnsDsEy5klw&flowName=GeneralOAuthFlow&as=S1359222877%3A1761646070617735&client_id=905154081809-858sm3f0qnalqd9d44d9gecjtrdji9tf.apps.googleusercontent.com&rapt=AEjHL4O79wS49W001VuN6SqDzkpMFtEQBNFsZujxiq7S_p5AXjhAG4I3ZB_QFKhqB9ISgapH7eHmpakYFvShQoD2GcP3Xguwtw#","Closed","10/28/2025, 15:38:17","10/28/2025, 15:38:17","https://accounts.google.com/favicon.ico","",""
"Notion - Log in","https://www.notion.so/login?from=marketing&pathname=%2F","Closed","10/28/2025, 15:38:21","10/28/2025, 15:37:51","https://www.notion.so/images/favicon.ico","",""
"notion.so/googlepopupcallback?state=eyJjYWxsYmFja1R5cGUiOiJwb3B1cCIsImVuY3J5cHRlZFRva2VuIjoidjAyOmxvZ2luX3dpdGhfZ29vZ2xlOnRJY1Y5RjItai16eXJ5REdfZFRqOXFxWHRCZ1VDUVJGb29tVGZlYzdtTnFZMW1fbExuNW9tb0hsOE5xdzJnNUN3STVMMjkwM2hwaG1KOF9sN252Nko5SVBsQ3FGMGtfc3cxWmJqYXZ5dHlsLU02TWFDNUhSbF94MVNoTU5VOXVFMElMeSJ9&code=4%2F0Ab32j936m2_szGrZX4_fuo6rgaQHdbSFT-TUdGJ6XItuRa_0vsrmT5QIn2atTQwXfpSnZg&scope=email+profile+https%3A%2F%2Fwww.googleapis.com%2Fauth%2Fuserinfo.profile+https%3A%2F%2Fwww.googleapis.com%2Fauth%2Fuserinfo.email+openid&authuser=0&prompt=consent","https://www.notion.so/googlepopupcallback?state=eyJjYWxsYmFja1R5cGUiOiJwb3B1cCIsImVuY3J5cHRlZFRva2VuIjoidjAyOmxvZ2luX3dpdGhfZ29vZ2xlOnRJY1Y5RjItai16eXJ5REdfZFRqOXFxWHRCZ1VDUVJGb29tVGZlYzdtTnFZMW1fbExuNW9tb0hsOE5xdzJnNUN3STVMMjkwM2hwaG1KOF9sN252Nko5SVBsQ3FGMGtfc3cxWmJqYXZ5dHlsLU02TWFDNUhSbF94MVNoTU5VOXVFMElMeSJ9&code=4%2F0Ab32j936m2_szGrZX4_fuo6rgaQHdbSFT-TUdGJ6XItuRa_0vsrmT5QIn2atTQwXfpSnZg&scope=email+profile+https%3A%2F%2Fwww.googleapis.com%2Fauth%2Fuserinfo.profile+https%3A%2F%2Fwww.googleapis.com%2Fauth%2Fuserinfo.email+openid&authuser=0&prompt=consent","Closed","10/28/2025, 15:38:21","10/28/2025, 15:38:21","","",""
"Notion","https://www.notion.so/oauth2callback?state=eyJjYWxsYmFja1R5cGUiOiJwb3B1cCIsImVuY3J5cHRlZFRva2VuIjoidjAyOmxvZ2luX3dpdGhfZ29vZ2xlOnRJY1Y5RjItai16eXJ5REdfZFRqOXFxWHRCZ1VDUVJGb29tVGZlYzdtTnFZMW1fbExuNW9tb0hsOE5xdzJnNUN3STVMMjkwM2hwaG1KOF9sN252Nko5SVBsQ3FGMGtfc3cxWmJqYXZ5dHlsLU02TWFDNUhSbF94MVNoTU5VOXVFMElMeSJ9&code=4%2F0Ab32j936m2_szGrZX4_fuo6rgaQHdbSFT-TUdGJ6XItuRa_0vsrmT5QIn2atTQwXfpSnZg&scope=email+profile+https%3A%2F%2Fwww.googleapis.com%2Fauth%2Fuserinfo.profile+https%3A%2F%2Fwww.googleapis.com%2Fauth%2Fuserinfo.email+openid&authuser=0&prompt=consent","Closed","10/28/2025, 15:38:23","10/28/2025, 15:38:21","https://www.notion.so/images/favicon.ico","",""
"Notion","https://www.notion.so/","Closed","10/28/2025, 15:38:24","10/28/2025, 15:38:24","https://www.notion.so/images/favicon.ico","",""
"Onboarding","https://www.notion.so/onboarding","Closed","10/28/2025, 15:39:06","10/28/2025, 15:38:26","https://www.notion.so/images/favicon.ico","",""
"Getting Started","https://www.notion.so/Getting-Started-29aecbc3076680919c2be35b51edca09?pvs=37","Closed","10/28/2025, 15:39:22","10/28/2025, 15:39:22","https://www.notion.so/images/favicon.ico","",""
"Getting Started","https://www.notion.so/Getting-Started-29aecbc3076680919c2be35b51edca09","Closed","10/28/2025, 15:39:38","10/28/2025, 15:39:22","https://www.notion.so/images/favicon.ico","",""
"Getting Started","https://www.notion.so/29aecbc3076680dca5ccdecbe92adeff?pvs=43","Closed","10/28/2025, 15:39:41","10/28/2025, 15:39:41","https://www.notion.so/images/favicon.ico","",""
"New page","https://www.notion.so/29aecbc3076680dca5ccdecbe92adeff","Closed","10/28/2025, 15:39:52","10/28/2025, 15:39:41","data:image/png;base64,iVBORw0KGgoAAAANSUhEUgAAACAAAAAgCAYAAABzenr0AAAJSklEQVR4AYxWC3CV1RHe3fP//30EEpLyDIEK8pDwKG3QETUITlWcamvVRFOqxSc6Tq0dh+qM0yHaGfsY7DgytqPNUB2VqUGxpUpbLeJIxydKQV4KaqWACQmRhDzuvf85u93zk5uCBnDnnv+xZ8+eb8+3u/8l+IoiAiiv12U6Xq4r273uktRXXAY3NR+ouf65lhWL/3zo79etaXvyumc/W/qjp/fULG7ckPY+vjKA/J6lE+OKssVlVdE9EyYMu7Rze12Fd3DsqKurM4ue+mjmD1YfWNTwzP6Ga5/ee7GN85PZxYBsCYG/JRTc6qLsXblJE8+d3/jH9AkBbGuui3q3XFKV237xJHm/YRTE7RcZjO+iAO+EIPxpGkvmidocCwCq5kZBGC0wJrg3CIJGSqeWSSpzNSLa0BWaMc4/iMLvoQlrw3TqhsrJtdMHBSCbbglPr86cG2YqloZBxc85zt8c9HV9GyU+DRDTGkqNMdwQT6UZnpoiiOrSKpci2UXsXtRo3wI1BGPOhSD1/YKJzjPMrVG+5zEF8SaQOTtIlVwwKIBcfl9laNyVxpgbyQSLIKXH1uvmuiPOgAAgSJqIF5iIvtfzVsNI6Jf77qsv1HQc3JA9uOeBqnjrb8bTpw9npXslM7c4pO/GYeZ2MGFo2K4j4BxQMGtQAEFX7wTq6Z0O1pWob0NRWIlBMJq7C7rMqgoACYZDYC5Ll8r8TzbMT0O/LFkyJ37wnIez9898/MzGKQ/NuXf88oNTop2r0Ll3xNCZNozqQ2CjG+8nohF671+pt8bGRpIPLhuOIX897sgPdV26mUasu6EpjRANgussgMQMIKgC0ymgurEjRs30a9UFiAhG6WwNBeY2CvCOytKOH946/qnDofQ2GZEPwFCtQ5gKrrATXbz7OAD31H94OmPmBho76hpIRWO4JwbOO+8XKGWAhoYgBQZ3JFYAAAgYAdI8E+LlP7t8+xgYEDscCEYCYghEZ5SX9M24YvS6LYbkJQDMsgnHGRtvNI4fJ+iXTY/eEgZkaxHNLRilLg6GZysBEezn/RGrnSlRf9kAPDDXqyBUhwTDkeiyKDIX+D6BiGJc7yEU16HT6gLT+jztwvJ/lCHbN8DxRyw0lil1uKm+8t0BAJPcjiHS0nsG9Nkq0OP1EZshAYieQDFi0KxWKsDf3WEFpqfhbRFpqgnwKjsEZidUSHRAxHzmAfh5EDNJcMjUqOfTT5Si3Swysg9ghJ8fAACdAIXWPqscW3HKsc6aoSF4ENynVOT6I44ITFkE4GSACgBPBZ4HqdRVd9e3jcvF2KYePhOQhD8kqgqCdPWF4SZVcTsgOiRM9k4uoLKnorobCvB2fCje6Tp1M1Flf8Sod1eMWNUJFUpHQoXmiaoA0FQYT0VwZGFaegsIhX0g0gtHZYiSOWvexF2j0lR4KQXukYyzW/xUAsA3nllnd86MppXPML7Cu/LMOa0AtUCNmIZGIPExESOA0dPRjAYP1iemmmpgMhHR1tt0yXSA8CAAdkFRkKeVlXZNvab8lY132o1/aNq1coefIn/JR93jTGQWBaWp28KxJdMxRHWsHPtyUwOj0ZKOYyP2wMywSAOHgUoBxQWCZ2EhvsL2uApB6lZd8kPESiSZfVbZxooZ9fUFbGxUlgASAKTHhyaYAkSVmIlSVKoNteCU4wKA6HoEOBoxHgXmk0/VRivCeBARQiJqq91yiO1wC1HcpSBSnuj9BbUaEGpMpmuGvvYvAEgAdIZlmrWyTXMmKZ0k4myo5WZhoNyUCqObAR9PBaUD7REBePHVYg/lAQP6OmXCs4gkyXQ/54fim2bInC2bLy/z734kADZsndeaj+FFEXwDhC0QwpfKDQCMgjJaAZ4ifT3u5xuW/Vw3NwDB11KolCII4rFGRFiOGJ1jTem0op78Q319vetyszYzh2sAaLfXFTn+YsRGE9IPQG9VHHoqXUqXZQjKIz0RRVGcOvaugHTDagp49u7+PzX6ftRi9DeW9hTi7MvscC2ItHmtj5hKAmDtem6g3HTmuM1BmRMQrRoP2turxQl/mogjgewZY4Zjkh8JAGlspG3NzdHHO0e0OmfXALt/qduCj9JHSxmNqL85DerZJgkNmAoATeJyULOjSkyp0eiSTOr/AK6vvnH6Q0Htzb/P3Fzb+Xl6p7P8nDDvAtSsCAmMJt/JIvM9QpxuTDrg1IICw6ztB+B7twOcnQdze86ai5Zvb6B8X/yKMKzV0e7dYWDAD/882FA78GOwuUF1KAQhJ0TSsmXLxDIHIJKxTCNbo6rybM2aFhfzX0D4NWW3AKcQDATIsLKmhXYK22SaqFM/yUmXJNTPp5b4IULo0OfJQVnFZPUE+9tbtjFTs7rc5qlIFp7ggqEBny8SO78UTiYakGPADtdD+vkDIP+/nawrQXb/1SqZEossaFj5wZgJC17N9eXxVWZco5lw4GROE3qUJtHuyQV7MlOdk8MI8UcZOJzQS87QYgyjuQDov9/a5+g7JeVDF97dvKlsyKwn2zhn1rLQBgHMwYkEQVu1VgAKcHf/l3QwW01qAN7Jkn8P5/w1+VKSo6Aao2hyCLILQN6mgCaBiW5oD8Zcee1TO0bv3df6oSvIs8yyWX3qGet1kJ9v32aYVpinAwYXYWh3TtYHmPt30YJQ+JCSMt6K6wniwmoQ2OYAvxlL+BOTrfjxr3NN8x7dc8new7lonYjsKy780p0QTGmkJxGCzwf4gghKDwO/IgV4ASb9LTl+b0LAvEWPdygE6fPTAbZQnHtEe8B6JBwFZG6yEC57115wx4r9S2a+d2TWXgbcd8KkRATwA44Xv7kD3mDBrQw1udVEihaE1q7XcntTEOb2YnQds6QiZ9ejs8+ji18XkAwDzP+477SZ/2yvfcc6aFKbrao/ZXl6oKJtnZlfcOxWtLXxRtTkLm7u7xR1tmx1ufxKdryZAc+HKH0nh+FCEo6xkH8GbP4+G+fvB1v45Z6uUU+4vr4mG9tfWZZVwk6BcJffyDsrDgUXs/B+x/KyOPsw53h5al/ra+POWd1XtCne6bElc3qzR1pfC1zfb8HZRxXx9pgxEjJogtSHT9SPX7vq6nGPn76j6emmqya+n529ev/e/3Q9z1YeiJl/4axbzk4eA3GrQGwzO3hShFY45gcK+fj+7g73u3DGn979YuRFAP8DAAD//yVwCU0AAAAGSURBVAMAtnBs5cOiICQAAAAASUVORK5CYII=","",""
"New page","https://www.notion.so/29aecbc307668064bc97d7c8f2c4a349?pvs=43","Closed","10/28/2025, 15:39:57","10/28/2025, 15:39:57","data:image/png;base64,iVBORw0KGgoAAAANSUhEUgAAACAAAAAgCAYAAABzenr0AAAJSklEQVR4AYxWC3CV1RHe3fP//30EEpLyDIEK8pDwKG3QETUITlWcamvVRFOqxSc6Tq0dh+qM0yHaGfsY7DgytqPNUB2VqUGxpUpbLeJIxydKQV4KaqWACQmRhDzuvf85u93zk5uCBnDnnv+xZ8+eb8+3u/8l+IoiAiiv12U6Xq4r273uktRXXAY3NR+ouf65lhWL/3zo79etaXvyumc/W/qjp/fULG7ckPY+vjKA/J6lE+OKssVlVdE9EyYMu7Rze12Fd3DsqKurM4ue+mjmD1YfWNTwzP6Ga5/ee7GN85PZxYBsCYG/JRTc6qLsXblJE8+d3/jH9AkBbGuui3q3XFKV237xJHm/YRTE7RcZjO+iAO+EIPxpGkvmidocCwCq5kZBGC0wJrg3CIJGSqeWSSpzNSLa0BWaMc4/iMLvoQlrw3TqhsrJtdMHBSCbbglPr86cG2YqloZBxc85zt8c9HV9GyU+DRDTGkqNMdwQT6UZnpoiiOrSKpci2UXsXtRo3wI1BGPOhSD1/YKJzjPMrVG+5zEF8SaQOTtIlVwwKIBcfl9laNyVxpgbyQSLIKXH1uvmuiPOgAAgSJqIF5iIvtfzVsNI6Jf77qsv1HQc3JA9uOeBqnjrb8bTpw9npXslM7c4pO/GYeZ2MGFo2K4j4BxQMGtQAEFX7wTq6Z0O1pWob0NRWIlBMJq7C7rMqgoACYZDYC5Ll8r8TzbMT0O/LFkyJ37wnIez9898/MzGKQ/NuXf88oNTop2r0Ll3xNCZNozqQ2CjG+8nohF671+pt8bGRpIPLhuOIX897sgPdV26mUasu6EpjRANgussgMQMIKgC0ymgurEjRs30a9UFiAhG6WwNBeY2CvCOytKOH946/qnDofQ2GZEPwFCtQ5gKrrATXbz7OAD31H94OmPmBho76hpIRWO4JwbOO+8XKGWAhoYgBQZ3JFYAAAgYAdI8E+LlP7t8+xgYEDscCEYCYghEZ5SX9M24YvS6LYbkJQDMsgnHGRtvNI4fJ+iXTY/eEgZkaxHNLRilLg6GZysBEezn/RGrnSlRf9kAPDDXqyBUhwTDkeiyKDIX+D6BiGJc7yEU16HT6gLT+jztwvJ/lCHbN8DxRyw0lil1uKm+8t0BAJPcjiHS0nsG9Nkq0OP1EZshAYieQDFi0KxWKsDf3WEFpqfhbRFpqgnwKjsEZidUSHRAxHzmAfh5EDNJcMjUqOfTT5Si3Swysg9ghJ8fAACdAIXWPqscW3HKsc6aoSF4ENynVOT6I44ITFkE4GSACgBPBZ4HqdRVd9e3jcvF2KYePhOQhD8kqgqCdPWF4SZVcTsgOiRM9k4uoLKnorobCvB2fCje6Tp1M1Flf8Sod1eMWNUJFUpHQoXmiaoA0FQYT0VwZGFaegsIhX0g0gtHZYiSOWvexF2j0lR4KQXukYyzW/xUAsA3nllnd86MppXPML7Cu/LMOa0AtUCNmIZGIPExESOA0dPRjAYP1iemmmpgMhHR1tt0yXSA8CAAdkFRkKeVlXZNvab8lY132o1/aNq1coefIn/JR93jTGQWBaWp28KxJdMxRHWsHPtyUwOj0ZKOYyP2wMywSAOHgUoBxQWCZ2EhvsL2uApB6lZd8kPESiSZfVbZxooZ9fUFbGxUlgASAKTHhyaYAkSVmIlSVKoNteCU4wKA6HoEOBoxHgXmk0/VRivCeBARQiJqq91yiO1wC1HcpSBSnuj9BbUaEGpMpmuGvvYvAEgAdIZlmrWyTXMmKZ0k4myo5WZhoNyUCqObAR9PBaUD7REBePHVYg/lAQP6OmXCs4gkyXQ/54fim2bInC2bLy/z734kADZsndeaj+FFEXwDhC0QwpfKDQCMgjJaAZ4ifT3u5xuW/Vw3NwDB11KolCII4rFGRFiOGJ1jTem0op78Q319vetyszYzh2sAaLfXFTn+YsRGE9IPQG9VHHoqXUqXZQjKIz0RRVGcOvaugHTDagp49u7+PzX6ftRi9DeW9hTi7MvscC2ItHmtj5hKAmDtem6g3HTmuM1BmRMQrRoP2turxQl/mogjgewZY4Zjkh8JAGlspG3NzdHHO0e0OmfXALt/qduCj9JHSxmNqL85DerZJgkNmAoATeJyULOjSkyp0eiSTOr/AK6vvnH6Q0Htzb/P3Fzb+Xl6p7P8nDDvAtSsCAmMJt/JIvM9QpxuTDrg1IICw6ztB+B7twOcnQdze86ai5Zvb6B8X/yKMKzV0e7dYWDAD/882FA78GOwuUF1KAQhJ0TSsmXLxDIHIJKxTCNbo6rybM2aFhfzX0D4NWW3AKcQDATIsLKmhXYK22SaqFM/yUmXJNTPp5b4IULo0OfJQVnFZPUE+9tbtjFTs7rc5qlIFp7ggqEBny8SO78UTiYakGPADtdD+vkDIP+/nawrQXb/1SqZEossaFj5wZgJC17N9eXxVWZco5lw4GROE3qUJtHuyQV7MlOdk8MI8UcZOJzQS87QYgyjuQDov9/a5+g7JeVDF97dvKlsyKwn2zhn1rLQBgHMwYkEQVu1VgAKcHf/l3QwW01qAN7Jkn8P5/w1+VKSo6Aao2hyCLILQN6mgCaBiW5oD8Zcee1TO0bv3df6oSvIs8yyWX3qGet1kJ9v32aYVpinAwYXYWh3TtYHmPt30YJQ+JCSMt6K6wniwmoQ2OYAvxlL+BOTrfjxr3NN8x7dc8new7lonYjsKy780p0QTGmkJxGCzwf4gghKDwO/IgV4ASb9LTl+b0LAvEWPdygE6fPTAbZQnHtEe8B6JBwFZG6yEC57115wx4r9S2a+d2TWXgbcd8KkRATwA44Xv7kD3mDBrQw1udVEihaE1q7XcntTEOb2YnQds6QiZ9ejs8+ji18XkAwDzP+477SZ/2yvfcc6aFKbrao/ZXl6oKJtnZlfcOxWtLXxRtTkLm7u7xR1tmx1ufxKdryZAc+HKH0nh+FCEo6xkH8GbP4+G+fvB1v45Z6uUU+4vr4mG9tfWZZVwk6BcJffyDsrDgUXs/B+x/KyOPsw53h5al/ra+POWd1XtCne6bElc3qzR1pfC1zfb8HZRxXx9pgxEjJogtSHT9SPX7vq6nGPn76j6emmqya+n529ev/e/3Q9z1YeiJl/4axbzk4eA3GrQGwzO3hShFY45gcK+fj+7g73u3DGn979YuRFAP8DAAD//yVwCU0AAAAGSURBVAMAtnBs5cOiICQAAAAASUVORK5CYII=","",""
"S","https://www.notion.so/29aecbc307668064bc97d7c8f2c4a349","Closed","10/28/2025, 15:40:00","10/28/2025, 15:39:57","data:image/png;base64,iVBORw0KGgoAAAANSUhEUgAAACAAAAAgCAYAAABzenr0AAAJSklEQVR4AYxWC3CV1RHe3fP//30EEpLyDIEK8pDwKG3QETUITlWcamvVRFOqxSc6Tq0dh+qM0yHaGfsY7DgytqPNUB2VqUGxpUpbLeJIxydKQV4KaqWACQmRhDzuvf85u93zk5uCBnDnnv+xZ8+eb8+3u/8l+IoiAiiv12U6Xq4r273uktRXXAY3NR+ouf65lhWL/3zo79etaXvyumc/W/qjp/fULG7ckPY+vjKA/J6lE+OKssVlVdE9EyYMu7Rze12Fd3DsqKurM4ue+mjmD1YfWNTwzP6Ga5/ee7GN85PZxYBsCYG/JRTc6qLsXblJE8+d3/jH9AkBbGuui3q3XFKV237xJHm/YRTE7RcZjO+iAO+EIPxpGkvmidocCwCq5kZBGC0wJrg3CIJGSqeWSSpzNSLa0BWaMc4/iMLvoQlrw3TqhsrJtdMHBSCbbglPr86cG2YqloZBxc85zt8c9HV9GyU+DRDTGkqNMdwQT6UZnpoiiOrSKpci2UXsXtRo3wI1BGPOhSD1/YKJzjPMrVG+5zEF8SaQOTtIlVwwKIBcfl9laNyVxpgbyQSLIKXH1uvmuiPOgAAgSJqIF5iIvtfzVsNI6Jf77qsv1HQc3JA9uOeBqnjrb8bTpw9npXslM7c4pO/GYeZ2MGFo2K4j4BxQMGtQAEFX7wTq6Z0O1pWob0NRWIlBMJq7C7rMqgoACYZDYC5Ll8r8TzbMT0O/LFkyJ37wnIez9898/MzGKQ/NuXf88oNTop2r0Ll3xNCZNozqQ2CjG+8nohF671+pt8bGRpIPLhuOIX897sgPdV26mUasu6EpjRANgussgMQMIKgC0ymgurEjRs30a9UFiAhG6WwNBeY2CvCOytKOH946/qnDofQ2GZEPwFCtQ5gKrrATXbz7OAD31H94OmPmBho76hpIRWO4JwbOO+8XKGWAhoYgBQZ3JFYAAAgYAdI8E+LlP7t8+xgYEDscCEYCYghEZ5SX9M24YvS6LYbkJQDMsgnHGRtvNI4fJ+iXTY/eEgZkaxHNLRilLg6GZysBEezn/RGrnSlRf9kAPDDXqyBUhwTDkeiyKDIX+D6BiGJc7yEU16HT6gLT+jztwvJ/lCHbN8DxRyw0lil1uKm+8t0BAJPcjiHS0nsG9Nkq0OP1EZshAYieQDFi0KxWKsDf3WEFpqfhbRFpqgnwKjsEZidUSHRAxHzmAfh5EDNJcMjUqOfTT5Si3Swysg9ghJ8fAACdAIXWPqscW3HKsc6aoSF4ENynVOT6I44ITFkE4GSACgBPBZ4HqdRVd9e3jcvF2KYePhOQhD8kqgqCdPWF4SZVcTsgOiRM9k4uoLKnorobCvB2fCje6Tp1M1Flf8Sod1eMWNUJFUpHQoXmiaoA0FQYT0VwZGFaegsIhX0g0gtHZYiSOWvexF2j0lR4KQXukYyzW/xUAsA3nllnd86MppXPML7Cu/LMOa0AtUCNmIZGIPExESOA0dPRjAYP1iemmmpgMhHR1tt0yXSA8CAAdkFRkKeVlXZNvab8lY132o1/aNq1coefIn/JR93jTGQWBaWp28KxJdMxRHWsHPtyUwOj0ZKOYyP2wMywSAOHgUoBxQWCZ2EhvsL2uApB6lZd8kPESiSZfVbZxooZ9fUFbGxUlgASAKTHhyaYAkSVmIlSVKoNteCU4wKA6HoEOBoxHgXmk0/VRivCeBARQiJqq91yiO1wC1HcpSBSnuj9BbUaEGpMpmuGvvYvAEgAdIZlmrWyTXMmKZ0k4myo5WZhoNyUCqObAR9PBaUD7REBePHVYg/lAQP6OmXCs4gkyXQ/54fim2bInC2bLy/z734kADZsndeaj+FFEXwDhC0QwpfKDQCMgjJaAZ4ifT3u5xuW/Vw3NwDB11KolCII4rFGRFiOGJ1jTem0op78Q319vetyszYzh2sAaLfXFTn+YsRGE9IPQG9VHHoqXUqXZQjKIz0RRVGcOvaugHTDagp49u7+PzX6ftRi9DeW9hTi7MvscC2ItHmtj5hKAmDtem6g3HTmuM1BmRMQrRoP2turxQl/mogjgewZY4Zjkh8JAGlspG3NzdHHO0e0OmfXALt/qduCj9JHSxmNqL85DerZJgkNmAoATeJyULOjSkyp0eiSTOr/AK6vvnH6Q0Htzb/P3Fzb+Xl6p7P8nDDvAtSsCAmMJt/JIvM9QpxuTDrg1IICw6ztB+B7twOcnQdze86ai5Zvb6B8X/yKMKzV0e7dYWDAD/882FA78GOwuUF1KAQhJ0TSsmXLxDIHIJKxTCNbo6rybM2aFhfzX0D4NWW3AKcQDATIsLKmhXYK22SaqFM/yUmXJNTPp5b4IULo0OfJQVnFZPUE+9tbtjFTs7rc5qlIFp7ggqEBny8SO78UTiYakGPADtdD+vkDIP+/nawrQXb/1SqZEossaFj5wZgJC17N9eXxVWZco5lw4GROE3qUJtHuyQV7MlOdk8MI8UcZOJzQS87QYgyjuQDov9/a5+g7JeVDF97dvKlsyKwn2zhn1rLQBgHMwYkEQVu1VgAKcHf/l3QwW01qAN7Jkn8P5/w1+VKSo6Aao2hyCLILQN6mgCaBiW5oD8Zcee1TO0bv3df6oSvIs8yyWX3qGet1kJ9v32aYVpinAwYXYWh3TtYHmPt30YJQ+JCSMt6K6wniwmoQ2OYAvxlL+BOTrfjxr3NN8x7dc8new7lonYjsKy780p0QTGmkJxGCzwf4gghKDwO/IgV4ASb9LTl+b0LAvEWPdygE6fPTAbZQnHtEe8B6JBwFZG6yEC57115wx4r9S2a+d2TWXgbcd8KkRATwA44Xv7kD3mDBrQw1udVEihaE1q7XcntTEOb2YnQds6QiZ9ejs8+ji18XkAwDzP+477SZ/2yvfcc6aFKbrao/ZXl6oKJtnZlfcOxWtLXxRtTkLm7u7xR1tmx1ufxKdryZAc+HKH0nh+FCEo6xkH8GbP4+G+fvB1v45Z6uUU+4vr4mG9tfWZZVwk6BcJffyDsrDgUXs/B+x/KyOPsw53h5al/ra+POWd1XtCne6bElc3qzR1pfC1zfb8HZRxXx9pgxEjJogtSHT9SPX7vq6nGPn76j6emmqya+n529ev/e/3Q9z1YeiJl/4axbzk4eA3GrQGwzO3hShFY45gcK+fj+7g73u3DGn979YuRFAP8DAAD//yVwCU0AAAAGSURBVAMAtnBs5cOiICQAAAAASUVORK5CYII=","",""
"S","https://www.notion.so/S-29aecbc307668064bc97d7c8f2c4a349","Closed","10/28/2025, 15:40:00","10/28/2025, 15:40:00","data:image/png;base64,iVBORw0KGgoAAAANSUhEUgAAACAAAAAgCAYAAABzenr0AAAJSklEQVR4AYxWC3CV1RHe3fP//30EEpLyDIEK8pDwKG3QETUITlWcamvVRFOqxSc6Tq0dh+qM0yHaGfsY7DgytqPNUB2VqUGxpUpbLeJIxydKQV4KaqWACQmRhDzuvf85u93zk5uCBnDnnv+xZ8+eb8+3u/8l+IoiAiiv12U6Xq4r273uktRXXAY3NR+ouf65lhWL/3zo79etaXvyumc/W/qjp/fULG7ckPY+vjKA/J6lE+OKssVlVdE9EyYMu7Rze12Fd3DsqKurM4ue+mjmD1YfWNTwzP6Ga5/ee7GN85PZxYBsCYG/JRTc6qLsXblJE8+d3/jH9AkBbGuui3q3XFKV237xJHm/YRTE7RcZjO+iAO+EIPxpGkvmidocCwCq5kZBGC0wJrg3CIJGSqeWSSpzNSLa0BWaMc4/iMLvoQlrw3TqhsrJtdMHBSCbbglPr86cG2YqloZBxc85zt8c9HV9GyU+DRDTGkqNMdwQT6UZnpoiiOrSKpci2UXsXtRo3wI1BGPOhSD1/YKJzjPMrVG+5zEF8SaQOTtIlVwwKIBcfl9laNyVxpgbyQSLIKXH1uvmuiPOgAAgSJqIF5iIvtfzVsNI6Jf77qsv1HQc3JA9uOeBqnjrb8bTpw9npXslM7c4pO/GYeZ2MGFo2K4j4BxQMGtQAEFX7wTq6Z0O1pWob0NRWIlBMJq7C7rMqgoACYZDYC5Ll8r8TzbMT0O/LFkyJ37wnIez9898/MzGKQ/NuXf88oNTop2r0Ll3xNCZNozqQ2CjG+8nohF671+pt8bGRpIPLhuOIX897sgPdV26mUasu6EpjRANgussgMQMIKgC0ymgurEjRs30a9UFiAhG6WwNBeY2CvCOytKOH946/qnDofQ2GZEPwFCtQ5gKrrATXbz7OAD31H94OmPmBho76hpIRWO4JwbOO+8XKGWAhoYgBQZ3JFYAAAgYAdI8E+LlP7t8+xgYEDscCEYCYghEZ5SX9M24YvS6LYbkJQDMsgnHGRtvNI4fJ+iXTY/eEgZkaxHNLRilLg6GZysBEezn/RGrnSlRf9kAPDDXqyBUhwTDkeiyKDIX+D6BiGJc7yEU16HT6gLT+jztwvJ/lCHbN8DxRyw0lil1uKm+8t0BAJPcjiHS0nsG9Nkq0OP1EZshAYieQDFi0KxWKsDf3WEFpqfhbRFpqgnwKjsEZidUSHRAxHzmAfh5EDNJcMjUqOfTT5Si3Swysg9ghJ8fAACdAIXWPqscW3HKsc6aoSF4ENynVOT6I44ITFkE4GSACgBPBZ4HqdRVd9e3jcvF2KYePhOQhD8kqgqCdPWF4SZVcTsgOiRM9k4uoLKnorobCvB2fCje6Tp1M1Flf8Sod1eMWNUJFUpHQoXmiaoA0FQYT0VwZGFaegsIhX0g0gtHZYiSOWvexF2j0lR4KQXukYyzW/xUAsA3nllnd86MppXPML7Cu/LMOa0AtUCNmIZGIPExESOA0dPRjAYP1iemmmpgMhHR1tt0yXSA8CAAdkFRkKeVlXZNvab8lY132o1/aNq1coefIn/JR93jTGQWBaWp28KxJdMxRHWsHPtyUwOj0ZKOYyP2wMywSAOHgUoBxQWCZ2EhvsL2uApB6lZd8kPESiSZfVbZxooZ9fUFbGxUlgASAKTHhyaYAkSVmIlSVKoNteCU4wKA6HoEOBoxHgXmk0/VRivCeBARQiJqq91yiO1wC1HcpSBSnuj9BbUaEGpMpmuGvvYvAEgAdIZlmrWyTXMmKZ0k4myo5WZhoNyUCqObAR9PBaUD7REBePHVYg/lAQP6OmXCs4gkyXQ/54fim2bInC2bLy/z734kADZsndeaj+FFEXwDhC0QwpfKDQCMgjJaAZ4ifT3u5xuW/Vw3NwDB11KolCII4rFGRFiOGJ1jTem0op78Q319vetyszYzh2sAaLfXFTn+YsRGE9IPQG9VHHoqXUqXZQjKIz0RRVGcOvaugHTDagp49u7+PzX6ftRi9DeW9hTi7MvscC2ItHmtj5hKAmDtem6g3HTmuM1BmRMQrRoP2turxQl/mogjgewZY4Zjkh8JAGlspG3NzdHHO0e0OmfXALt/qduCj9JHSxmNqL85DerZJgkNmAoATeJyULOjSkyp0eiSTOr/AK6vvnH6Q0Htzb/P3Fzb+Xl6p7P8nDDvAtSsCAmMJt/JIvM9QpxuTDrg1IICw6ztB+B7twOcnQdze86ai5Zvb6B8X/yKMKzV0e7dYWDAD/882FA78GOwuUF1KAQhJ0TSsmXLxDIHIJKxTCNbo6rybM2aFhfzX0D4NWW3AKcQDATIsLKmhXYK22SaqFM/yUmXJNTPp5b4IULo0OfJQVnFZPUE+9tbtjFTs7rc5qlIFp7ggqEBny8SO78UTiYakGPADtdD+vkDIP+/nawrQXb/1SqZEossaFj5wZgJC17N9eXxVWZco5lw4GROE3qUJtHuyQV7MlOdk8MI8UcZOJzQS87QYgyjuQDov9/a5+g7JeVDF97dvKlsyKwn2zhn1rLQBgHMwYkEQVu1VgAKcHf/l3QwW01qAN7Jkn8P5/w1+VKSo6Aao2hyCLILQN6mgCaBiW5oD8Zcee1TO0bv3df6oSvIs8yyWX3qGet1kJ9v32aYVpinAwYXYWh3TtYHmPt30YJQ+JCSMt6K6wniwmoQ2OYAvxlL+BOTrfjxr3NN8x7dc8new7lonYjsKy780p0QTGmkJxGCzwf4gghKDwO/IgV4ASb9LTl+b0LAvEWPdygE6fPTAbZQnHtEe8B6JBwFZG6yEC57115wx4r9S2a+d2TWXgbcd8KkRATwA44Xv7kD3mDBrQw1udVEihaE1q7XcntTEOb2YnQds6QiZ9ejs8+ji18XkAwDzP+477SZ/2yvfcc6aFKbrao/ZXl6oKJtnZlfcOxWtLXxRtTkLm7u7xR1tmx1ufxKdryZAc+HKH0nh+FCEo6xkH8GbP4+G+fvB1v45Z6uUU+4vr4mG9tfWZZVwk6BcJffyDsrDgUXs/B+x/KyOPsw53h5al/ra+POWd1XtCne6bElc3qzR1pfC1zfb8HZRxXx9pgxEjJogtSHT9SPX7vq6nGPn76j6emmqya+n529ev/e/3Q9z1YeiJl/4axbzk4eA3GrQGwzO3hShFY45gcK+fj+7g73u3DGn979YuRFAP8DAAD//yVwCU0AAAAGSURBVAMAtnBs5cOiICQAAAAASUVORK5CYII=","",""
"SQL","https://www.notion.so/SQ-29aecbc307668064bc97d7c8f2c4a349","Closed","10/28/2025, 15:40:00","10/28/2025, 15:40:00","data:image/png;base64,iVBORw0KGgoAAAANSUhEUgAAACAAAAAgCAYAAABzenr0AAAJSklEQVR4AYxWC3CV1RHe3fP//30EEpLyDIEK8pDwKG3QETUITlWcamvVRFOqxSc6Tq0dh+qM0yHaGfsY7DgytqPNUB2VqUGxpUpbLeJIxydKQV4KaqWACQmRhDzuvf85u93zk5uCBnDnnv+xZ8+eb8+3u/8l+IoiAiiv12U6Xq4r273uktRXXAY3NR+ouf65lhWL/3zo79etaXvyumc/W/qjp/fULG7ckPY+vjKA/J6lE+OKssVlVdE9EyYMu7Rze12Fd3DsqKurM4ue+mjmD1YfWNTwzP6Ga5/ee7GN85PZxYBsCYG/JRTc6qLsXblJE8+d3/jH9AkBbGuui3q3XFKV237xJHm/YRTE7RcZjO+iAO+EIPxpGkvmidocCwCq5kZBGC0wJrg3CIJGSqeWSSpzNSLa0BWaMc4/iMLvoQlrw3TqhsrJtdMHBSCbbglPr86cG2YqloZBxc85zt8c9HV9GyU+DRDTGkqNMdwQT6UZnpoiiOrSKpci2UXsXtRo3wI1BGPOhSD1/YKJzjPMrVG+5zEF8SaQOTtIlVwwKIBcfl9laNyVxpgbyQSLIKXH1uvmuiPOgAAgSJqIF5iIvtfzVsNI6Jf77qsv1HQc3JA9uOeBqnjrb8bTpw9npXslM7c4pO/GYeZ2MGFo2K4j4BxQMGtQAEFX7wTq6Z0O1pWob0NRWIlBMJq7C7rMqgoACYZDYC5Ll8r8TzbMT0O/LFkyJ37wnIez9898/MzGKQ/NuXf88oNTop2r0Ll3xNCZNozqQ2CjG+8nohF671+pt8bGRpIPLhuOIX897sgPdV26mUasu6EpjRANgussgMQMIKgC0ymgurEjRs30a9UFiAhG6WwNBeY2CvCOytKOH946/qnDofQ2GZEPwFCtQ5gKrrATXbz7OAD31H94OmPmBho76hpIRWO4JwbOO+8XKGWAhoYgBQZ3JFYAAAgYAdI8E+LlP7t8+xgYEDscCEYCYghEZ5SX9M24YvS6LYbkJQDMsgnHGRtvNI4fJ+iXTY/eEgZkaxHNLRilLg6GZysBEezn/RGrnSlRf9kAPDDXqyBUhwTDkeiyKDIX+D6BiGJc7yEU16HT6gLT+jztwvJ/lCHbN8DxRyw0lil1uKm+8t0BAJPcjiHS0nsG9Nkq0OP1EZshAYieQDFi0KxWKsDf3WEFpqfhbRFpqgnwKjsEZidUSHRAxHzmAfh5EDNJcMjUqOfTT5Si3Swysg9ghJ8fAACdAIXWPqscW3HKsc6aoSF4ENynVOT6I44ITFkE4GSACgBPBZ4HqdRVd9e3jcvF2KYePhOQhD8kqgqCdPWF4SZVcTsgOiRM9k4uoLKnorobCvB2fCje6Tp1M1Flf8Sod1eMWNUJFUpHQoXmiaoA0FQYT0VwZGFaegsIhX0g0gtHZYiSOWvexF2j0lR4KQXukYyzW/xUAsA3nllnd86MppXPML7Cu/LMOa0AtUCNmIZGIPExESOA0dPRjAYP1iemmmpgMhHR1tt0yXSA8CAAdkFRkKeVlXZNvab8lY132o1/aNq1coefIn/JR93jTGQWBaWp28KxJdMxRHWsHPtyUwOj0ZKOYyP2wMywSAOHgUoBxQWCZ2EhvsL2uApB6lZd8kPESiSZfVbZxooZ9fUFbGxUlgASAKTHhyaYAkSVmIlSVKoNteCU4wKA6HoEOBoxHgXmk0/VRivCeBARQiJqq91yiO1wC1HcpSBSnuj9BbUaEGpMpmuGvvYvAEgAdIZlmrWyTXMmKZ0k4myo5WZhoNyUCqObAR9PBaUD7REBePHVYg/lAQP6OmXCs4gkyXQ/54fim2bInC2bLy/z734kADZsndeaj+FFEXwDhC0QwpfKDQCMgjJaAZ4ifT3u5xuW/Vw3NwDB11KolCII4rFGRFiOGJ1jTem0op78Q319vetyszYzh2sAaLfXFTn+YsRGE9IPQG9VHHoqXUqXZQjKIz0RRVGcOvaugHTDagp49u7+PzX6ftRi9DeW9hTi7MvscC2ItHmtj5hKAmDtem6g3HTmuM1BmRMQrRoP2turxQl/mogjgewZY4Zjkh8JAGlspG3NzdHHO0e0OmfXALt/qduCj9JHSxmNqL85DerZJgkNmAoATeJyULOjSkyp0eiSTOr/AK6vvnH6Q0Htzb/P3Fzb+Xl6p7P8nDDvAtSsCAmMJt/JIvM9QpxuTDrg1IICw6ztB+B7twOcnQdze86ai5Zvb6B8X/yKMKzV0e7dYWDAD/882FA78GOwuUF1KAQhJ0TSsmXLxDIHIJKxTCNbo6rybM2aFhfzX0D4NWW3AKcQDATIsLKmhXYK22SaqFM/yUmXJNTPp5b4IULo0OfJQVnFZPUE+9tbtjFTs7rc5qlIFp7ggqEBny8SO78UTiYakGPADtdD+vkDIP+/nawrQXb/1SqZEossaFj5wZgJC17N9eXxVWZco5lw4GROE3qUJtHuyQV7MlOdk8MI8UcZOJzQS87QYgyjuQDov9/a5+g7JeVDF97dvKlsyKwn2zhn1rLQBgHMwYkEQVu1VgAKcHf/l3QwW01qAN7Jkn8P5/w1+VKSo6Aao2hyCLILQN6mgCaBiW5oD8Zcee1TO0bv3df6oSvIs8yyWX3qGet1kJ9v32aYVpinAwYXYWh3TtYHmPt30YJQ+JCSMt6K6wniwmoQ2OYAvxlL+BOTrfjxr3NN8x7dc8new7lonYjsKy780p0QTGmkJxGCzwf4gghKDwO/IgV4ASb9LTl+b0LAvEWPdygE6fPTAbZQnHtEe8B6JBwFZG6yEC57115wx4r9S2a+d2TWXgbcd8KkRATwA44Xv7kD3mDBrQw1udVEihaE1q7XcntTEOb2YnQds6QiZ9ejs8+ji18XkAwDzP+477SZ/2yvfcc6aFKbrao/ZXl6oKJtnZlfcOxWtLXxRtTkLm7u7xR1tmx1ufxKdryZAc+HKH0nh+FCEo6xkH8GbP4+G+fvB1v45Z6uUU+4vr4mG9tfWZZVwk6BcJffyDsrDgUXs/B+x/KyOPsw53h5al/ra+POWd1XtCne6bElc3qzR1pfC1zfb8HZRxXx9pgxEjJogtSHT9SPX7vq6nGPn76j6emmqya+n529ev/e/3Q9z1YeiJl/4axbzk4eA3GrQGwzO3hShFY45gcK+fj+7g73u3DGn979YuRFAP8DAAD//yVwCU0AAAAGSURBVAMAtnBs5cOiICQAAAAASUVORK5CYII=","",""
"SQL","https://www.notion.so/SQL-29aecbc307668064bc97d7c8f2c4a349","Closed","10/28/2025, 15:40:00","10/28/2025, 15:40:00","data:image/png;base64,iVBORw0KGgoAAAANSUhEUgAAACAAAAAgCAYAAABzenr0AAAJSklEQVR4AYxWC3CV1RHe3fP//30EEpLyDIEK8pDwKG3QETUITlWcamvVRFOqxSc6Tq0dh+qM0yHaGfsY7DgytqPNUB2VqUGxpUpbLeJIxydKQV4KaqWACQmRhDzuvf85u93zk5uCBnDnnv+xZ8+eb8+3u/8l+IoiAiiv12U6Xq4r273uktRXXAY3NR+ouf65lhWL/3zo79etaXvyumc/W/qjp/fULG7ckPY+vjKA/J6lE+OKssVlVdE9EyYMu7Rze12Fd3DsqKurM4ue+mjmD1YfWNTwzP6Ga5/ee7GN85PZxYBsCYG/JRTc6qLsXblJE8+d3/jH9AkBbGuui3q3XFKV237xJHm/YRTE7RcZjO+iAO+EIPxpGkvmidocCwCq5kZBGC0wJrg3CIJGSqeWSSpzNSLa0BWaMc4/iMLvoQlrw3TqhsrJtdMHBSCbbglPr86cG2YqloZBxc85zt8c9HV9GyU+DRDTGkqNMdwQT6UZnpoiiOrSKpci2UXsXtRo3wI1BGPOhSD1/YKJzjPMrVG+5zEF8SaQOTtIlVwwKIBcfl9laNyVxpgbyQSLIKXH1uvmuiPOgAAgSJqIF5iIvtfzVsNI6Jf77qsv1HQc3JA9uOeBqnjrb8bTpw9npXslM7c4pO/GYeZ2MGFo2K4j4BxQMGtQAEFX7wTq6Z0O1pWob0NRWIlBMJq7C7rMqgoACYZDYC5Ll8r8TzbMT0O/LFkyJ37wnIez9898/MzGKQ/NuXf88oNTop2r0Ll3xNCZNozqQ2CjG+8nohF671+pt8bGRpIPLhuOIX897sgPdV26mUasu6EpjRANgussgMQMIKgC0ymgurEjRs30a9UFiAhG6WwNBeY2CvCOytKOH946/qnDofQ2GZEPwFCtQ5gKrrATXbz7OAD31H94OmPmBho76hpIRWO4JwbOO+8XKGWAhoYgBQZ3JFYAAAgYAdI8E+LlP7t8+xgYEDscCEYCYghEZ5SX9M24YvS6LYbkJQDMsgnHGRtvNI4fJ+iXTY/eEgZkaxHNLRilLg6GZysBEezn/RGrnSlRf9kAPDDXqyBUhwTDkeiyKDIX+D6BiGJc7yEU16HT6gLT+jztwvJ/lCHbN8DxRyw0lil1uKm+8t0BAJPcjiHS0nsG9Nkq0OP1EZshAYieQDFi0KxWKsDf3WEFpqfhbRFpqgnwKjsEZidUSHRAxHzmAfh5EDNJcMjUqOfTT5Si3Swysg9ghJ8fAACdAIXWPqscW3HKsc6aoSF4ENynVOT6I44ITFkE4GSACgBPBZ4HqdRVd9e3jcvF2KYePhOQhD8kqgqCdPWF4SZVcTsgOiRM9k4uoLKnorobCvB2fCje6Tp1M1Flf8Sod1eMWNUJFUpHQoXmiaoA0FQYT0VwZGFaegsIhX0g0gtHZYiSOWvexF2j0lR4KQXukYyzW/xUAsA3nllnd86MppXPML7Cu/LMOa0AtUCNmIZGIPExESOA0dPRjAYP1iemmmpgMhHR1tt0yXSA8CAAdkFRkKeVlXZNvab8lY132o1/aNq1coefIn/JR93jTGQWBaWp28KxJdMxRHWsHPtyUwOj0ZKOYyP2wMywSAOHgUoBxQWCZ2EhvsL2uApB6lZd8kPESiSZfVbZxooZ9fUFbGxUlgASAKTHhyaYAkSVmIlSVKoNteCU4wKA6HoEOBoxHgXmk0/VRivCeBARQiJqq91yiO1wC1HcpSBSnuj9BbUaEGpMpmuGvvYvAEgAdIZlmrWyTXMmKZ0k4myo5WZhoNyUCqObAR9PBaUD7REBePHVYg/lAQP6OmXCs4gkyXQ/54fim2bInC2bLy/z734kADZsndeaj+FFEXwDhC0QwpfKDQCMgjJaAZ4ifT3u5xuW/Vw3NwDB11KolCII4rFGRFiOGJ1jTem0op78Q319vetyszYzh2sAaLfXFTn+YsRGE9IPQG9VHHoqXUqXZQjKIz0RRVGcOvaugHTDagp49u7+PzX6ftRi9DeW9hTi7MvscC2ItHmtj5hKAmDtem6g3HTmuM1BmRMQrRoP2turxQl/mogjgewZY4Zjkh8JAGlspG3NzdHHO0e0OmfXALt/qduCj9JHSxmNqL85DerZJgkNmAoATeJyULOjSkyp0eiSTOr/AK6vvnH6Q0Htzb/P3Fzb+Xl6p7P8nDDvAtSsCAmMJt/JIvM9QpxuTDrg1IICw6ztB+B7twOcnQdze86ai5Zvb6B8X/yKMKzV0e7dYWDAD/882FA78GOwuUF1KAQhJ0TSsmXLxDIHIJKxTCNbo6rybM2aFhfzX0D4NWW3AKcQDATIsLKmhXYK22SaqFM/yUmXJNTPp5b4IULo0OfJQVnFZPUE+9tbtjFTs7rc5qlIFp7ggqEBny8SO78UTiYakGPADtdD+vkDIP+/nawrQXb/1SqZEossaFj5wZgJC17N9eXxVWZco5lw4GROE3qUJtHuyQV7MlOdk8MI8UcZOJzQS87QYgyjuQDov9/a5+g7JeVDF97dvKlsyKwn2zhn1rLQBgHMwYkEQVu1VgAKcHf/l3QwW01qAN7Jkn8P5/w1+VKSo6Aao2hyCLILQN6mgCaBiW5oD8Zcee1TO0bv3df6oSvIs8yyWX3qGet1kJ9v32aYVpinAwYXYWh3TtYHmPt30YJQ+JCSMt6K6wniwmoQ2OYAvxlL+BOTrfjxr3NN8x7dc8new7lonYjsKy780p0QTGmkJxGCzwf4gghKDwO/IgV4ASb9LTl+b0LAvEWPdygE6fPTAbZQnHtEe8B6JBwFZG6yEC57115wx4r9S2a+d2TWXgbcd8KkRATwA44Xv7kD3mDBrQw1udVEihaE1q7XcntTEOb2YnQds6QiZ9ejs8+ji18XkAwDzP+477SZ/2yvfcc6aFKbrao/ZXl6oKJtnZlfcOxWtLXxRtTkLm7u7xR1tmx1ufxKdryZAc+HKH0nh+FCEo6xkH8GbP4+G+fvB1v45Z6uUU+4vr4mG9tfWZZVwk6BcJffyDsrDgUXs/B+x/KyOPsw53h5al/ra+POWd1XtCne6bElc3qzR1pfC1zfb8HZRxXx9pgxEjJogtSHT9SPX7vq6nGPn76j6emmqya+n529ev/e/3Q9z1YeiJl/4axbzk4eA3GrQGwzO3hShFY45gcK+fj+7g73u3DGn979YuRFAP8DAAD//yVwCU0AAAAGSURBVAMAtnBs5cOiICQAAAAASUVORK5CYII=","",""
"SQL","https://www.notion.so/SQL-29aecbc307668064bc97d7c8f2c4a349?p=29aecbc3076680e6ad49fae9b39adfb2&pvs=43&showMoveTo=true","Closed","10/28/2025, 15:40:03","10/28/2025, 15:40:03","data:image/png;base64,iVBORw0KGgoAAAANSUhEUgAAACAAAAAgCAYAAABzenr0AAAJSklEQVR4AYxWC3CV1RHe3fP//30EEpLyDIEK8pDwKG3QETUITlWcamvVRFOqxSc6Tq0dh+qM0yHaGfsY7DgytqPNUB2VqUGxpUpbLeJIxydKQV4KaqWACQmRhDzuvf85u93zk5uCBnDnnv+xZ8+eb8+3u/8l+IoiAiiv12U6Xq4r273uktRXXAY3NR+ouf65lhWL/3zo79etaXvyumc/W/qjp/fULG7ckPY+vjKA/J6lE+OKssVlVdE9EyYMu7Rze12Fd3DsqKurM4ue+mjmD1YfWNTwzP6Ga5/ee7GN85PZxYBsCYG/JRTc6qLsXblJE8+d3/jH9AkBbGuui3q3XFKV237xJHm/YRTE7RcZjO+iAO+EIPxpGkvmidocCwCq5kZBGC0wJrg3CIJGSqeWSSpzNSLa0BWaMc4/iMLvoQlrw3TqhsrJtdMHBSCbbglPr86cG2YqloZBxc85zt8c9HV9GyU+DRDTGkqNMdwQT6UZnpoiiOrSKpci2UXsXtRo3wI1BGPOhSD1/YKJzjPMrVG+5zEF8SaQOTtIlVwwKIBcfl9laNyVxpgbyQSLIKXH1uvmuiPOgAAgSJqIF5iIvtfzVsNI6Jf77qsv1HQc3JA9uOeBqnjrb8bTpw9npXslM7c4pO/GYeZ2MGFo2K4j4BxQMGtQAEFX7wTq6Z0O1pWob0NRWIlBMJq7C7rMqgoACYZDYC5Ll8r8TzbMT0O/LFkyJ37wnIez9898/MzGKQ/NuXf88oNTop2r0Ll3xNCZNozqQ2CjG+8nohF671+pt8bGRpIPLhuOIX897sgPdV26mUasu6EpjRANgussgMQMIKgC0ymgurEjRs30a9UFiAhG6WwNBeY2CvCOytKOH946/qnDofQ2GZEPwFCtQ5gKrrATXbz7OAD31H94OmPmBho76hpIRWO4JwbOO+8XKGWAhoYgBQZ3JFYAAAgYAdI8E+LlP7t8+xgYEDscCEYCYghEZ5SX9M24YvS6LYbkJQDMsgnHGRtvNI4fJ+iXTY/eEgZkaxHNLRilLg6GZysBEezn/RGrnSlRf9kAPDDXqyBUhwTDkeiyKDIX+D6BiGJc7yEU16HT6gLT+jztwvJ/lCHbN8DxRyw0lil1uKm+8t0BAJPcjiHS0nsG9Nkq0OP1EZshAYieQDFi0KxWKsDf3WEFpqfhbRFpqgnwKjsEZidUSHRAxHzmAfh5EDNJcMjUqOfTT5Si3Swysg9ghJ8fAACdAIXWPqscW3HKsc6aoSF4ENynVOT6I44ITFkE4GSACgBPBZ4HqdRVd9e3jcvF2KYePhOQhD8kqgqCdPWF4SZVcTsgOiRM9k4uoLKnorobCvB2fCje6Tp1M1Flf8Sod1eMWNUJFUpHQoXmiaoA0FQYT0VwZGFaegsIhX0g0gtHZYiSOWvexF2j0lR4KQXukYyzW/xUAsA3nllnd86MppXPML7Cu/LMOa0AtUCNmIZGIPExESOA0dPRjAYP1iemmmpgMhHR1tt0yXSA8CAAdkFRkKeVlXZNvab8lY132o1/aNq1coefIn/JR93jTGQWBaWp28KxJdMxRHWsHPtyUwOj0ZKOYyP2wMywSAOHgUoBxQWCZ2EhvsL2uApB6lZd8kPESiSZfVbZxooZ9fUFbGxUlgASAKTHhyaYAkSVmIlSVKoNteCU4wKA6HoEOBoxHgXmk0/VRivCeBARQiJqq91yiO1wC1HcpSBSnuj9BbUaEGpMpmuGvvYvAEgAdIZlmrWyTXMmKZ0k4myo5WZhoNyUCqObAR9PBaUD7REBePHVYg/lAQP6OmXCs4gkyXQ/54fim2bInC2bLy/z734kADZsndeaj+FFEXwDhC0QwpfKDQCMgjJaAZ4ifT3u5xuW/Vw3NwDB11KolCII4rFGRFiOGJ1jTem0op78Q319vetyszYzh2sAaLfXFTn+YsRGE9IPQG9VHHoqXUqXZQjKIz0RRVGcOvaugHTDagp49u7+PzX6ftRi9DeW9hTi7MvscC2ItHmtj5hKAmDtem6g3HTmuM1BmRMQrRoP2turxQl/mogjgewZY4Zjkh8JAGlspG3NzdHHO0e0OmfXALt/qduCj9JHSxmNqL85DerZJgkNmAoATeJyULOjSkyp0eiSTOr/AK6vvnH6Q0Htzb/P3Fzb+Xl6p7P8nDDvAtSsCAmMJt/JIvM9QpxuTDrg1IICw6ztB+B7twOcnQdze86ai5Zvb6B8X/yKMKzV0e7dYWDAD/882FA78GOwuUF1KAQhJ0TSsmXLxDIHIJKxTCNbo6rybM2aFhfzX0D4NWW3AKcQDATIsLKmhXYK22SaqFM/yUmXJNTPp5b4IULo0OfJQVnFZPUE+9tbtjFTs7rc5qlIFp7ggqEBny8SO78UTiYakGPADtdD+vkDIP+/nawrQXb/1SqZEossaFj5wZgJC17N9eXxVWZco5lw4GROE3qUJtHuyQV7MlOdk8MI8UcZOJzQS87QYgyjuQDov9/a5+g7JeVDF97dvKlsyKwn2zhn1rLQBgHMwYkEQVu1VgAKcHf/l3QwW01qAN7Jkn8P5/w1+VKSo6Aao2hyCLILQN6mgCaBiW5oD8Zcee1TO0bv3df6oSvIs8yyWX3qGet1kJ9v32aYVpinAwYXYWh3TtYHmPt30YJQ+JCSMt6K6wniwmoQ2OYAvxlL+BOTrfjxr3NN8x7dc8new7lonYjsKy780p0QTGmkJxGCzwf4gghKDwO/IgV4ASb9LTl+b0LAvEWPdygE6fPTAbZQnHtEe8B6JBwFZG6yEC57115wx4r9S2a+d2TWXgbcd8KkRATwA44Xv7kD3mDBrQw1udVEihaE1q7XcntTEOb2YnQds6QiZ9ejs8+ji18XkAwDzP+477SZ/2yvfcc6aFKbrao/ZXl6oKJtnZlfcOxWtLXxRtTkLm7u7xR1tmx1ufxKdryZAc+HKH0nh+FCEo6xkH8GbP4+G+fvB1v45Z6uUU+4vr4mG9tfWZZVwk6BcJffyDsrDgUXs/B+x/KyOPsw53h5al/ra+POWd1XtCne6bElc3qzR1pfC1zfb8HZRxXx9pgxEjJogtSHT9SPX7vq6nGPn76j6emmqya+n529ev/e/3Q9z1YeiJl/4axbzk4eA3GrQGwzO3hShFY45gcK+fj+7g73u3DGn979YuRFAP8DAAD//yVwCU0AAAAGSURBVAMAtnBs5cOiICQAAAAASUVORK5CYII=","",""
"SQL","https://www.notion.so/SQL-29aecbc307668064bc97d7c8f2c4a349?p=29aecbc3076680e6ad49fae9b39adfb2&showMoveTo=true","Closed","10/28/2025, 15:40:06","10/28/2025, 15:40:03","data:image/png;base64,iVBORw0KGgoAAAANSUhEUgAAACAAAAAgCAYAAABzenr0AAAJSklEQVR4AYxWC3CV1RHe3fP//30EEpLyDIEK8pDwKG3QETUITlWcamvVRFOqxSc6Tq0dh+qM0yHaGfsY7DgytqPNUB2VqUGxpUpbLeJIxydKQV4KaqWACQmRhDzuvf85u93zk5uCBnDnnv+xZ8+eb8+3u/8l+IoiAiiv12U6Xq4r273uktRXXAY3NR+ouf65lhWL/3zo79etaXvyumc/W/qjp/fULG7ckPY+vjKA/J6lE+OKssVlVdE9EyYMu7Rze12Fd3DsqKurM4ue+mjmD1YfWNTwzP6Ga5/ee7GN85PZxYBsCYG/JRTc6qLsXblJE8+d3/jH9AkBbGuui3q3XFKV237xJHm/YRTE7RcZjO+iAO+EIPxpGkvmidocCwCq5kZBGC0wJrg3CIJGSqeWSSpzNSLa0BWaMc4/iMLvoQlrw3TqhsrJtdMHBSCbbglPr86cG2YqloZBxc85zt8c9HV9GyU+DRDTGkqNMdwQT6UZnpoiiOrSKpci2UXsXtRo3wI1BGPOhSD1/YKJzjPMrVG+5zEF8SaQOTtIlVwwKIBcfl9laNyVxpgbyQSLIKXH1uvmuiPOgAAgSJqIF5iIvtfzVsNI6Jf77qsv1HQc3JA9uOeBqnjrb8bTpw9npXslM7c4pO/GYeZ2MGFo2K4j4BxQMGtQAEFX7wTq6Z0O1pWob0NRWIlBMJq7C7rMqgoACYZDYC5Ll8r8TzbMT0O/LFkyJ37wnIez9898/MzGKQ/NuXf88oNTop2r0Ll3xNCZNozqQ2CjG+8nohF671+pt8bGRpIPLhuOIX897sgPdV26mUasu6EpjRANgussgMQMIKgC0ymgurEjRs30a9UFiAhG6WwNBeY2CvCOytKOH946/qnDofQ2GZEPwFCtQ5gKrrATXbz7OAD31H94OmPmBho76hpIRWO4JwbOO+8XKGWAhoYgBQZ3JFYAAAgYAdI8E+LlP7t8+xgYEDscCEYCYghEZ5SX9M24YvS6LYbkJQDMsgnHGRtvNI4fJ+iXTY/eEgZkaxHNLRilLg6GZysBEezn/RGrnSlRf9kAPDDXqyBUhwTDkeiyKDIX+D6BiGJc7yEU16HT6gLT+jztwvJ/lCHbN8DxRyw0lil1uKm+8t0BAJPcjiHS0nsG9Nkq0OP1EZshAYieQDFi0KxWKsDf3WEFpqfhbRFpqgnwKjsEZidUSHRAxHzmAfh5EDNJcMjUqOfTT5Si3Swysg9ghJ8fAACdAIXWPqscW3HKsc6aoSF4ENynVOT6I44ITFkE4GSACgBPBZ4HqdRVd9e3jcvF2KYePhOQhD8kqgqCdPWF4SZVcTsgOiRM9k4uoLKnorobCvB2fCje6Tp1M1Flf8Sod1eMWNUJFUpHQoXmiaoA0FQYT0VwZGFaegsIhX0g0gtHZYiSOWvexF2j0lR4KQXukYyzW/xUAsA3nllnd86MppXPML7Cu/LMOa0AtUCNmIZGIPExESOA0dPRjAYP1iemmmpgMhHR1tt0yXSA8CAAdkFRkKeVlXZNvab8lY132o1/aNq1coefIn/JR93jTGQWBaWp28KxJdMxRHWsHPtyUwOj0ZKOYyP2wMywSAOHgUoBxQWCZ2EhvsL2uApB6lZd8kPESiSZfVbZxooZ9fUFbGxUlgASAKTHhyaYAkSVmIlSVKoNteCU4wKA6HoEOBoxHgXmk0/VRivCeBARQiJqq91yiO1wC1HcpSBSnuj9BbUaEGpMpmuGvvYvAEgAdIZlmrWyTXMmKZ0k4myo5WZhoNyUCqObAR9PBaUD7REBePHVYg/lAQP6OmXCs4gkyXQ/54fim2bInC2bLy/z734kADZsndeaj+FFEXwDhC0QwpfKDQCMgjJaAZ4ifT3u5xuW/Vw3NwDB11KolCII4rFGRFiOGJ1jTem0op78Q319vetyszYzh2sAaLfXFTn+YsRGE9IPQG9VHHoqXUqXZQjKIz0RRVGcOvaugHTDagp49u7+PzX6ftRi9DeW9hTi7MvscC2ItHmtj5hKAmDtem6g3HTmuM1BmRMQrRoP2turxQl/mogjgewZY4Zjkh8JAGlspG3NzdHHO0e0OmfXALt/qduCj9JHSxmNqL85DerZJgkNmAoATeJyULOjSkyp0eiSTOr/AK6vvnH6Q0Htzb/P3Fzb+Xl6p7P8nDDvAtSsCAmMJt/JIvM9QpxuTDrg1IICw6ztB+B7twOcnQdze86ai5Zvb6B8X/yKMKzV0e7dYWDAD/882FA78GOwuUF1KAQhJ0TSsmXLxDIHIJKxTCNbo6rybM2aFhfzX0D4NWW3AKcQDATIsLKmhXYK22SaqFM/yUmXJNTPp5b4IULo0OfJQVnFZPUE+9tbtjFTs7rc5qlIFp7ggqEBny8SO78UTiYakGPADtdD+vkDIP+/nawrQXb/1SqZEossaFj5wZgJC17N9eXxVWZco5lw4GROE3qUJtHuyQV7MlOdk8MI8UcZOJzQS87QYgyjuQDov9/a5+g7JeVDF97dvKlsyKwn2zhn1rLQBgHMwYkEQVu1VgAKcHf/l3QwW01qAN7Jkn8P5/w1+VKSo6Aao2hyCLILQN6mgCaBiW5oD8Zcee1TO0bv3df6oSvIs8yyWX3qGet1kJ9v32aYVpinAwYXYWh3TtYHmPt30YJQ+JCSMt6K6wniwmoQ2OYAvxlL+BOTrfjxr3NN8x7dc8new7lonYjsKy780p0QTGmkJxGCzwf4gghKDwO/IgV4ASb9LTl+b0LAvEWPdygE6fPTAbZQnHtEe8B6JBwFZG6yEC57115wx4r9S2a+d2TWXgbcd8KkRATwA44Xv7kD3mDBrQw1udVEihaE1q7XcntTEOb2YnQds6QiZ9ejs8+ji18XkAwDzP+477SZ/2yvfcc6aFKbrao/ZXl6oKJtnZlfcOxWtLXxRtTkLm7u7xR1tmx1ufxKdryZAc+HKH0nh+FCEo6xkH8GbP4+G+fvB1v45Z6uUU+4vr4mG9tfWZZVwk6BcJffyDsrDgUXs/B+x/KyOPsw53h5al/ra+POWd1XtCne6bElc3qzR1pfC1zfb8HZRxXx9pgxEjJogtSHT9SPX7vq6nGPn76j6emmqya+n529ev/e/3Q9z1YeiJl/4axbzk4eA3GrQGwzO3hShFY45gcK+fj+7g73u3DGn979YuRFAP8DAAD//yVwCU0AAAAGSURBVAMAtnBs5cOiICQAAAAASUVORK5CYII=","",""
"SQL","https://www.notion.so/29aecbc3076680e6ad49fae9b39adfb2?pvs=23","Closed","10/28/2025, 15:40:06","10/28/2025, 15:40:06","data:image/png;base64,iVBORw0KGgoAAAANSUhEUgAAACAAAAAgCAYAAABzenr0AAAJSklEQVR4AYxWC3CV1RHe3fP//30EEpLyDIEK8pDwKG3QETUITlWcamvVRFOqxSc6Tq0dh+qM0yHaGfsY7DgytqPNUB2VqUGxpUpbLeJIxydKQV4KaqWACQmRhDzuvf85u93zk5uCBnDnnv+xZ8+eb8+3u/8l+IoiAiiv12U6Xq4r273uktRXXAY3NR+ouf65lhWL/3zo79etaXvyumc/W/qjp/fULG7ckPY+vjKA/J6lE+OKssVlVdE9EyYMu7Rze12Fd3DsqKurM4ue+mjmD1YfWNTwzP6Ga5/ee7GN85PZxYBsCYG/JRTc6qLsXblJE8+d3/jH9AkBbGuui3q3XFKV237xJHm/YRTE7RcZjO+iAO+EIPxpGkvmidocCwCq5kZBGC0wJrg3CIJGSqeWSSpzNSLa0BWaMc4/iMLvoQlrw3TqhsrJtdMHBSCbbglPr86cG2YqloZBxc85zt8c9HV9GyU+DRDTGkqNMdwQT6UZnpoiiOrSKpci2UXsXtRo3wI1BGPOhSD1/YKJzjPMrVG+5zEF8SaQOTtIlVwwKIBcfl9laNyVxpgbyQSLIKXH1uvmuiPOgAAgSJqIF5iIvtfzVsNI6Jf77qsv1HQc3JA9uOeBqnjrb8bTpw9npXslM7c4pO/GYeZ2MGFo2K4j4BxQMGtQAEFX7wTq6Z0O1pWob0NRWIlBMJq7C7rMqgoACYZDYC5Ll8r8TzbMT0O/LFkyJ37wnIez9898/MzGKQ/NuXf88oNTop2r0Ll3xNCZNozqQ2CjG+8nohF671+pt8bGRpIPLhuOIX897sgPdV26mUasu6EpjRANgussgMQMIKgC0ymgurEjRs30a9UFiAhG6WwNBeY2CvCOytKOH946/qnDofQ2GZEPwFCtQ5gKrrATXbz7OAD31H94OmPmBho76hpIRWO4JwbOO+8XKGWAhoYgBQZ3JFYAAAgYAdI8E+LlP7t8+xgYEDscCEYCYghEZ5SX9M24YvS6LYbkJQDMsgnHGRtvNI4fJ+iXTY/eEgZkaxHNLRilLg6GZysBEezn/RGrnSlRf9kAPDDXqyBUhwTDkeiyKDIX+D6BiGJc7yEU16HT6gLT+jztwvJ/lCHbN8DxRyw0lil1uKm+8t0BAJPcjiHS0nsG9Nkq0OP1EZshAYieQDFi0KxWKsDf3WEFpqfhbRFpqgnwKjsEZidUSHRAxHzmAfh5EDNJcMjUqOfTT5Si3Swysg9ghJ8fAACdAIXWPqscW3HKsc6aoSF4ENynVOT6I44ITFkE4GSACgBPBZ4HqdRVd9e3jcvF2KYePhOQhD8kqgqCdPWF4SZVcTsgOiRM9k4uoLKnorobCvB2fCje6Tp1M1Flf8Sod1eMWNUJFUpHQoXmiaoA0FQYT0VwZGFaegsIhX0g0gtHZYiSOWvexF2j0lR4KQXukYyzW/xUAsA3nllnd86MppXPML7Cu/LMOa0AtUCNmIZGIPExESOA0dPRjAYP1iemmmpgMhHR1tt0yXSA8CAAdkFRkKeVlXZNvab8lY132o1/aNq1coefIn/JR93jTGQWBaWp28KxJdMxRHWsHPtyUwOj0ZKOYyP2wMywSAOHgUoBxQWCZ2EhvsL2uApB6lZd8kPESiSZfVbZxooZ9fUFbGxUlgASAKTHhyaYAkSVmIlSVKoNteCU4wKA6HoEOBoxHgXmk0/VRivCeBARQiJqq91yiO1wC1HcpSBSnuj9BbUaEGpMpmuGvvYvAEgAdIZlmrWyTXMmKZ0k4myo5WZhoNyUCqObAR9PBaUD7REBePHVYg/lAQP6OmXCs4gkyXQ/54fim2bInC2bLy/z734kADZsndeaj+FFEXwDhC0QwpfKDQCMgjJaAZ4ifT3u5xuW/Vw3NwDB11KolCII4rFGRFiOGJ1jTem0op78Q319vetyszYzh2sAaLfXFTn+YsRGE9IPQG9VHHoqXUqXZQjKIz0RRVGcOvaugHTDagp49u7+PzX6ftRi9DeW9hTi7MvscC2ItHmtj5hKAmDtem6g3HTmuM1BmRMQrRoP2turxQl/mogjgewZY4Zjkh8JAGlspG3NzdHHO0e0OmfXALt/qduCj9JHSxmNqL85DerZJgkNmAoATeJyULOjSkyp0eiSTOr/AK6vvnH6Q0Htzb/P3Fzb+Xl6p7P8nDDvAtSsCAmMJt/JIvM9QpxuTDrg1IICw6ztB+B7twOcnQdze86ai5Zvb6B8X/yKMKzV0e7dYWDAD/882FA78GOwuUF1KAQhJ0TSsmXLxDIHIJKxTCNbo6rybM2aFhfzX0D4NWW3AKcQDATIsLKmhXYK22SaqFM/yUmXJNTPp5b4IULo0OfJQVnFZPUE+9tbtjFTs7rc5qlIFp7ggqEBny8SO78UTiYakGPADtdD+vkDIP+/nawrQXb/1SqZEossaFj5wZgJC17N9eXxVWZco5lw4GROE3qUJtHuyQV7MlOdk8MI8UcZOJzQS87QYgyjuQDov9/a5+g7JeVDF97dvKlsyKwn2zhn1rLQBgHMwYkEQVu1VgAKcHf/l3QwW01qAN7Jkn8P5/w1+VKSo6Aao2hyCLILQN6mgCaBiW5oD8Zcee1TO0bv3df6oSvIs8yyWX3qGet1kJ9v32aYVpinAwYXYWh3TtYHmPt30YJQ+JCSMt6K6wniwmoQ2OYAvxlL+BOTrfjxr3NN8x7dc8new7lonYjsKy780p0QTGmkJxGCzwf4gghKDwO/IgV4ASb9LTl+b0LAvEWPdygE6fPTAbZQnHtEe8B6JBwFZG6yEC57115wx4r9S2a+d2TWXgbcd8KkRATwA44Xv7kD3mDBrQw1udVEihaE1q7XcntTEOb2YnQds6QiZ9ejs8+ji18XkAwDzP+477SZ/2yvfcc6aFKbrao/ZXl6oKJtnZlfcOxWtLXxRtTkLm7u7xR1tmx1ufxKdryZAc+HKH0nh+FCEo6xkH8GbP4+G+fvB1v45Z6uUU+4vr4mG9tfWZZVwk6BcJffyDsrDgUXs/B+x/KyOPsw53h5al/ra+POWd1XtCne6bElc3qzR1pfC1zfb8HZRxXx9pgxEjJogtSHT9SPX7vq6nGPn76j6emmqya+n529ev/e/3Q9z1YeiJl/4axbzk4eA3GrQGwzO3hShFY45gcK+fj+7g73u3DGn979YuRFAP8DAAD//yVwCU0AAAAGSURBVAMAtnBs5cOiICQAAAAASUVORK5CYII=","",""
"Innomatics Research Labs","https://online.innomatics.in/myaccount/#/course/183628/classrecords?class_id=426168&lesson=1918109&section=425807&subject=426168","Closed","10/28/2025, 16:23:16","10/27/2025, 15:06:12","https://dme2wmiz2suov.cloudfront.net/Institution(149)/Logo/573324-Innomatics_research_labs_fevicon_Logo.png","",""
"Innomatics Research Labs","https://online.innomatics.in/myaccount/#/course/183628/lesson/1918109?lesson=1918109&lesson_type=material&section=425807&subject=426168","Closed","10/28/2025, 16:25:57","10/27/2025, 15:04:35","https://dme2wmiz2suov.cloudfront.net/Institution(149)/Logo/573324-Innomatics_research_labs_fevicon_Logo.png","",""
"WhatsApp | Secure and Reliable Free Private Messaging and Calling","https://www.whatsapp.com/?lang=en","Closed","10/28/2025, 16:28:27","10/28/2025, 16:28:24","https://static.whatsapp.net/rsrc.php/v4/yz/r/ujTY9i_Jhs1.png","",""
"wh - Yahoo India Search Results","https://in.search.yahoo.com/search?fr=mcafee&type=G210IN885G91958Mc10b3da41207bf73bd6fe9295163c2bc&p=wh","Closed","10/28/2025, 16:28:27","10/28/2025, 16:28:21","https://in.search.yahoo.com/favicon.ico","",""
"(5) Search | LinkedIn","https://www.linkedin.com/in/teja-swaroop-510170316/","Closed","10/28/2025, 16:43:45","10/26/2025, 11:23:22","https://static.licdn.com/aero-v1/sc/h/3loy7tajf3n0cho89wgg0fjre","",""
"(5) Search | LinkedIn","https://www.linkedin.com/search/results/all/?fetchDeterministicClustersOnly=true&heroEntityKey=urn%3Ali%3Aorganization%3A73070283&keywords=stag%20innovations%20pvt%20ltd%20&origin=RICH_QUERY_SUGGESTION&position=0&searchId=f83478fc-9d22-4110-adb5-3eff81aab1ff&spellCorrectionEnabled=false","Closed","10/28/2025, 16:43:45","10/28/2025, 16:43:45","https://static.licdn.com/aero-v1/sc/h/3loy7tajf3n0cho89wgg0fjre","",""
"(5) LinkedIn","https://www.linkedin.com/search/results/all/?fetchDeterministicClustersOnly=true&heroEntityKey=urn%3Ali%3Aorganization%3A73070283&keywords=stag%20innovations%20pvt%20ltd%20&origin=RICH_QUERY_SUGGESTION&position=0&searchId=f83478fc-9d22-4110-adb5-3eff81aab1ff&sid=80p&spellCorrectionEnabled=false","Closed","10/28/2025, 16:43:55","10/28/2025, 16:43:45","https://static.licdn.com/aero-v1/sc/h/3loy7tajf3n0cho89wgg0fjre","",""
"(5) Stag Innovations Pvt Ltd : Overview | LinkedIn","https://www.linkedin.com/company/stag-innovations-pvt-ltd/","Closed","10/28/2025, 16:43:56","10/28/2025, 16:43:56","https://static.licdn.com/aero-v1/sc/h/3loy7tajf3n0cho89wgg0fjre","",""
"Job | Software Engineer Intern at Syndr (Delhi) - tejadurga448@gmail.com - Gmail","https://mail.google.com/mail/u/0/#inbox/FMfcgzQcqbVqFDznVpWncRgcGkXBScXq","Closed","10/28/2025, 16:56:15","10/28/2025, 14:32:08","https://ssl.gstatic.com/ui/v1/icons/mail/rfr/gmail.ico","",""
"Innomatics Research Labs","https://online.innomatics.in/myaccount/#/course/183628?subject=426168","Closed","10/28/2025, 16:56:15","10/27/2025, 15:04:34","https://dme2wmiz2suov.cloudfront.net/Institution(149)/Logo/573324-Innomatics_research_labs_fevicon_Logo.png","",""
"New page","https://www.notion.so/29aecbc3076680e6ad49fae9b39adfb2","Closed","10/28/2025, 16:56:16","10/28/2025, 15:40:06","data:image/png;base64,iVBORw0KGgoAAAANSUhEUgAAACAAAAAgCAYAAABzenr0AAAJSklEQVR4AYxWC3CV1RHe3fP//30EEpLyDIEK8pDwKG3QETUITlWcamvVRFOqxSc6Tq0dh+qM0yHaGfsY7DgytqPNUB2VqUGxpUpbLeJIxydKQV4KaqWACQmRhDzuvf85u93zk5uCBnDnnv+xZ8+eb8+3u/8l+IoiAiiv12U6Xq4r273uktRXXAY3NR+ouf65lhWL/3zo79etaXvyumc/W/qjp/fULG7ckPY+vjKA/J6lE+OKssVlVdE9EyYMu7Rze12Fd3DsqKurM4ue+mjmD1YfWNTwzP6Ga5/ee7GN85PZxYBsCYG/JRTc6qLsXblJE8+d3/jH9AkBbGuui3q3XFKV237xJHm/YRTE7RcZjO+iAO+EIPxpGkvmidocCwCq5kZBGC0wJrg3CIJGSqeWSSpzNSLa0BWaMc4/iMLvoQlrw3TqhsrJtdMHBSCbbglPr86cG2YqloZBxc85zt8c9HV9GyU+DRDTGkqNMdwQT6UZnpoiiOrSKpci2UXsXtRo3wI1BGPOhSD1/YKJzjPMrVG+5zEF8SaQOTtIlVwwKIBcfl9laNyVxpgbyQSLIKXH1uvmuiPOgAAgSJqIF5iIvtfzVsNI6Jf77qsv1HQc3JA9uOeBqnjrb8bTpw9npXslM7c4pO/GYeZ2MGFo2K4j4BxQMGtQAEFX7wTq6Z0O1pWob0NRWIlBMJq7C7rMqgoACYZDYC5Ll8r8TzbMT0O/LFkyJ37wnIez9898/MzGKQ/NuXf88oNTop2r0Ll3xNCZNozqQ2CjG+8nohF671+pt8bGRpIPLhuOIX897sgPdV26mUasu6EpjRANgussgMQMIKgC0ymgurEjRs30a9UFiAhG6WwNBeY2CvCOytKOH946/qnDofQ2GZEPwFCtQ5gKrrATXbz7OAD31H94OmPmBho76hpIRWO4JwbOO+8XKGWAhoYgBQZ3JFYAAAgYAdI8E+LlP7t8+xgYEDscCEYCYghEZ5SX9M24YvS6LYbkJQDMsgnHGRtvNI4fJ+iXTY/eEgZkaxHNLRilLg6GZysBEezn/RGrnSlRf9kAPDDXqyBUhwTDkeiyKDIX+D6BiGJc7yEU16HT6gLT+jztwvJ/lCHbN8DxRyw0lil1uKm+8t0BAJPcjiHS0nsG9Nkq0OP1EZshAYieQDFi0KxWKsDf3WEFpqfhbRFpqgnwKjsEZidUSHRAxHzmAfh5EDNJcMjUqOfTT5Si3Swysg9ghJ8fAACdAIXWPqscW3HKsc6aoSF4ENynVOT6I44ITFkE4GSACgBPBZ4HqdRVd9e3jcvF2KYePhOQhD8kqgqCdPWF4SZVcTsgOiRM9k4uoLKnorobCvB2fCje6Tp1M1Flf8Sod1eMWNUJFUpHQoXmiaoA0FQYT0VwZGFaegsIhX0g0gtHZYiSOWvexF2j0lR4KQXukYyzW/xUAsA3nllnd86MppXPML7Cu/LMOa0AtUCNmIZGIPExESOA0dPRjAYP1iemmmpgMhHR1tt0yXSA8CAAdkFRkKeVlXZNvab8lY132o1/aNq1coefIn/JR93jTGQWBaWp28KxJdMxRHWsHPtyUwOj0ZKOYyP2wMywSAOHgUoBxQWCZ2EhvsL2uApB6lZd8kPESiSZfVbZxooZ9fUFbGxUlgASAKTHhyaYAkSVmIlSVKoNteCU4wKA6HoEOBoxHgXmk0/VRivCeBARQiJqq91yiO1wC1HcpSBSnuj9BbUaEGpMpmuGvvYvAEgAdIZlmrWyTXMmKZ0k4myo5WZhoNyUCqObAR9PBaUD7REBePHVYg/lAQP6OmXCs4gkyXQ/54fim2bInC2bLy/z734kADZsndeaj+FFEXwDhC0QwpfKDQCMgjJaAZ4ifT3u5xuW/Vw3NwDB11KolCII4rFGRFiOGJ1jTem0op78Q319vetyszYzh2sAaLfXFTn+YsRGE9IPQG9VHHoqXUqXZQjKIz0RRVGcOvaugHTDagp49u7+PzX6ftRi9DeW9hTi7MvscC2ItHmtj5hKAmDtem6g3HTmuM1BmRMQrRoP2turxQl/mogjgewZY4Zjkh8JAGlspG3NzdHHO0e0OmfXALt/qduCj9JHSxmNqL85DerZJgkNmAoATeJyULOjSkyp0eiSTOr/AK6vvnH6Q0Htzb/P3Fzb+Xl6p7P8nDDvAtSsCAmMJt/JIvM9QpxuTDrg1IICw6ztB+B7twOcnQdze86ai5Zvb6B8X/yKMKzV0e7dYWDAD/882FA78GOwuUF1KAQhJ0TSsmXLxDIHIJKxTCNbo6rybM2aFhfzX0D4NWW3AKcQDATIsLKmhXYK22SaqFM/yUmXJNTPp5b4IULo0OfJQVnFZPUE+9tbtjFTs7rc5qlIFp7ggqEBny8SO78UTiYakGPADtdD+vkDIP+/nawrQXb/1SqZEossaFj5wZgJC17N9eXxVWZco5lw4GROE3qUJtHuyQV7MlOdk8MI8UcZOJzQS87QYgyjuQDov9/a5+g7JeVDF97dvKlsyKwn2zhn1rLQBgHMwYkEQVu1VgAKcHf/l3QwW01qAN7Jkn8P5/w1+VKSo6Aao2hyCLILQN6mgCaBiW5oD8Zcee1TO0bv3df6oSvIs8yyWX3qGet1kJ9v32aYVpinAwYXYWh3TtYHmPt30YJQ+JCSMt6K6wniwmoQ2OYAvxlL+BOTrfjxr3NN8x7dc8new7lonYjsKy780p0QTGmkJxGCzwf4gghKDwO/IgV4ASb9LTl+b0LAvEWPdygE6fPTAbZQnHtEe8B6JBwFZG6yEC57115wx4r9S2a+d2TWXgbcd8KkRATwA44Xv7kD3mDBrQw1udVEihaE1q7XcntTEOb2YnQds6QiZ9ejs8+ji18XkAwDzP+477SZ/2yvfcc6aFKbrao/ZXl6oKJtnZlfcOxWtLXxRtTkLm7u7xR1tmx1ufxKdryZAc+HKH0nh+FCEo6xkH8GbP4+G+fvB1v45Z6uUU+4vr4mG9tfWZZVwk6BcJffyDsrDgUXs/B+x/KyOPsw53h5al/ra+POWd1XtCne6bElc3qzR1pfC1zfb8HZRxXx9pgxEjJogtSHT9SPX7vq6nGPn76j6emmqya+n529ev/e/3Q9z1YeiJl/4axbzk4eA3GrQGwzO3hShFY45gcK+fj+7g73u3DGn979YuRFAP8DAAD//yVwCU0AAAAGSURBVAMAtnBs5cOiICQAAAAASUVORK5CYII=","",""
"RVR AND JC COMES UNDER TIER 2 OR TIRE 1 - Yahoo India Search Results","https://in.search.yahoo.com/search?fr=mcafee&type=G210IN885G91958Mc10b3da41207bf73bd6fe9295163c2bc&p=RVR+AND+JC+COMES+UNDER+TIER+2+OR+TIRE+1","Closed","10/28/2025, 16:56:16","10/28/2025, 16:04:43","https://in.search.yahoo.com/favicon.ico","",""
"(5) Stag Innovations Pvt Ltd : People | LinkedIn","https://www.linkedin.com/company/stag-innovations-pvt-ltd/people/","Closed","10/28/2025, 16:56:16","10/28/2025, 16:44:00","https://static.licdn.com/aero-v1/sc/h/3loy7tajf3n0cho89wgg0fjre","",""
"Innomatics Research Labs","https://online.innomatics.in/myaccount/#/course/177714/lesson/1883007?lesson=1883007&lesson_type=material&section=419210&subject=415660","Closed","10/29/2025, 10:07:44","10/27/2025, 11:38:22","https://dme2wmiz2suov.cloudfront.net/Institution(149)/Logo/573324-Innomatics_research_labs_fevicon_Logo.png","",""
"Convert column names to lower","https://chatgpt.com/c/6901b1b7-bca8-8322-a282-49eb8e37fafe","Closed","10/29/2025, 13:30:55","10/29/2025, 11:49:20","https://cdn.oaistatic.com/assets/favicon-l4nq08hd.svg","",""
"Innomatics Research Labs","https://online.innomatics.in/myaccount/#/course/177714/classrecords?class_id=415660&lesson=241247&section=421707&subject=415660","Closed","10/29/2025, 13:33:47","10/29/2025, 11:34:18","https://dme2wmiz2suov.cloudfront.net/Institution(149)/Logo/573324-Innomatics_research_labs_fevicon_Logo.png","",""
"chat gpt login - Yahoo India Search Results","https://in.search.yahoo.com/search?fr=mcafee&type=G210IN885G91958Mc10b3da41207bf73bd6fe9295163c2bc&p=chat+gpt+login","Closed","10/29/2025, 13:33:47","10/29/2025, 11:48:34","https://in.search.yahoo.com/favicon.ico","",""
"(122) WhatsApp","https://web.whatsapp.com/","Closed","10/29/2025, 13:33:47","10/27/2025, 11:52:59","https://static.whatsapp.net/rsrc.php/v4/yP/r/rYZqPCBaG70.png","",""
"Pandas Task - 1.docx - Google Docs","https://docs.google.com/document/d/1YKoUfdKobWFcWyjfI_pzb6LnG4TFz7KR/edit?tab=t.0#heading=h.smri4sj1ra4v","Closed","10/29/2025, 15:43:57","10/29/2025, 10:08:12","https://ssl.gstatic.com/docs/documents/images/kix-favicon-2023q4.ico","",""
"Pandas Task - 1.docx - Google Docs","https://docs.google.com/document/d/1YKoUfdKobWFcWyjfI_pzb6LnG4TFz7KR/edit#heading=h.smri4sj1ra4v","Closed","10/29/2025, 15:44:07","10/29/2025, 10:08:10","https://ssl.gstatic.com/docs/documents/images/kix-favicon-2023q4.ico","",""
"sales_data_uncleaned.csv - Google Drive","https://drive.google.com/file/d/1VanaDo_L-EdiMWwaqdm0jvTBM2B1B5eq/view?usp=sharing","Closed","10/29/2025, 15:46:41","10/29/2025, 15:46:41","","",""
"Pandas Task - 1.docx - Google Docs","https://docs.google.com/document/d/1YKoUfdKobWFcWyjfI_pzb6LnG4TFz7KR/edit#heading=h.fc45fhzcu60t","Closed","10/29/2025, 15:54:33","10/29/2025, 15:53:21","https://ssl.gstatic.com/docs/documents/images/kix-favicon-2023q4.ico","",""
"Pandas Task - 1.docx - Google Docs","https://docs.google.com/document/d/1YKoUfdKobWFcWyjfI_pzb6LnG4TFz7KR/edit#heading=h.exiff4h1mow6","Closed","10/29/2025, 15:59:56","10/29/2025, 15:59:56","https://ssl.gstatic.com/docs/documents/images/kix-favicon-2023q4.ico","",""
"Pandas Task - 1.docx - Google Docs","https://docs.google.com/document/d/1YKoUfdKobWFcWyjfI_pzb6LnG4TFz7KR/edit#heading=h.ed613m5oghxp","Closed","10/29/2025, 16:05:51","10/29/2025, 16:02:58","https://ssl.gstatic.com/docs/documents/images/kix-favicon-2023q4.ico","",""
"Pandas Task - 1.docx - Google Docs","https://docs.google.com/document/d/1YKoUfdKobWFcWyjfI_pzb6LnG4TFz7KR/edit#heading=h.2kfhgby9ewu7","Closed","10/29/2025, 16:16:11","10/29/2025, 16:16:11","https://ssl.gstatic.com/docs/documents/images/kix-favicon-2023q4.ico","",""
"Innomatics Research Labs","https://online.innomatics.in/myaccount/#/materials/415660/assignment/241247","Closed","10/29/2025, 16:26:33","10/29/2025, 10:08:04","https://dme2wmiz2suov.cloudfront.net/Institution(149)/Logo/573324-Innomatics_research_labs_fevicon_Logo.png","",""
"Pandas Task - 2.docx - Google Docs","https://docs.google.com/document/d/1xvPqhkghCDyELA1ZQOquR9WhCHrxBZ9z/edit?tab=t.0#heading=h.jzk6khx36e13","Closed","10/29/2025, 16:27:11","10/29/2025, 16:27:11","","",""
"Coffee_sales_uncleaned.csv - Google Drive","https://drive.google.com/file/d/1J5AiX2FAIaEDFznPKZTY9MbL3zUid657/view?usp=sharing","Closed","10/29/2025, 16:27:23","10/29/2025, 16:27:23","","",""
"Pandas Task - 2.docx - Google Docs","https://docs.google.com/document/d/1xvPqhkghCDyELA1ZQOquR9WhCHrxBZ9z/edit#heading=h.jzk6khx36e13","Closed","10/29/2025, 16:31:32","10/29/2025, 16:27:10","https://ssl.gstatic.com/docs/documents/images/kix-favicon-2023q4.ico","",""
"Innomatics Research Labs","https://online.innomatics.in/myaccount/#/materials/415660/assignment/241248","Closed","10/29/2025, 17:35:10","10/29/2025, 16:27:07","https://dme2wmiz2suov.cloudfront.net/Institution(149)/Logo/573324-Innomatics_research_labs_fevicon_Logo.png","",""
"Innomatics Research Labs","https://online.innomatics.in/myaccount/#/course/177714/lesson/241247?lesson=241247&lesson_type=exercise&section=421707&subject=415660","Closed","10/29/2025, 17:35:51","10/29/2025, 10:07:59","https://dme2wmiz2suov.cloudfront.net/Institution(149)/Logo/573324-Innomatics_research_labs_fevicon_Logo.png","",""
"Innomatics Research Labs","https://online.innomatics.in/myaccount/#/course/177714/lesson/241248?lesson=241248&lesson_type=exercise&section=421707&subject=415660","Closed","10/29/2025, 17:35:56","10/29/2025, 15:43:42","https://dme2wmiz2suov.cloudfront.net/Institution(149)/Logo/573324-Innomatics_research_labs_fevicon_Logo.png","",""
"Pandas Task - 3.docx - Google Docs","https://docs.google.com/document/d/1-LGr7CSYP102QFK1HcX1Aeo4F43L-ja-/edit?usp=sharing&ouid=100073383653558845948&rtpof=true&sd=true","Closed","10/29/2025, 17:36:08","10/29/2025, 17:36:07","","",""
"Pandas Task - 3.docx - Google Docs","https://docs.google.com/document/d/1-LGr7CSYP102QFK1HcX1Aeo4F43L-ja-/edit?rtpof=true&sd=true&tab=t.0","Closed","10/29/2025, 17:36:08","10/29/2025, 17:36:08","","",""
"Pandas Task - 3.docx - Google Docs","https://docs.google.com/document/d/1-LGr7CSYP102QFK1HcX1Aeo4F43L-ja-/edit?rtpof=true&sd=true#heading=h.wkpx876ov1ru","Closed","10/29/2025, 17:36:09","10/29/2025, 17:36:09","","",""
"Pandas Task - 3.docx - Google Docs","https://docs.google.com/document/d/1-LGr7CSYP102QFK1HcX1Aeo4F43L-ja-/edit#heading=h.wkpx876ov1ru","Closed","10/29/2025, 17:36:16","10/29/2025, 17:36:11","https://ssl.gstatic.com/docs/documents/images/kix-favicon-2023q4.ico","",""
"uncleaned_customers (1).csv - Google Drive","https://drive.google.com/file/d/1tnLEzP9tQPYSTUtfgI1rKq61vzRhUSeo/view?usp=sharing","Closed","10/29/2025, 17:36:27","10/29/2025, 17:36:26","","",""
"Innomatics Research Labs","https://online.innomatics.in/myaccount/#/materials/415660/assignment/241249","Closed","10/29/2025, 18:02:23","10/29/2025, 17:36:05","https://dme2wmiz2suov.cloudfront.net/Institution(149)/Logo/573324-Innomatics_research_labs_fevicon_Logo.png","",""
"Innomatics Research Labs","https://online.innomatics.in/myaccount/#/course/177714/lesson/241249?lesson=241249&lesson_type=exercise&section=421707&subject=415660","Closed","10/29/2025, 18:02:42","10/29/2025, 15:43:45","https://dme2wmiz2suov.cloudfront.net/Institution(149)/Logo/573324-Innomatics_research_labs_fevicon_Logo.png","",""
"Innomatics Research Labs","https://online.innomatics.in/myaccount/#/course/177714/lesson/241251?lesson=241251&lesson_type=exercise&section=421707&subject=415660","Closed","10/29/2025, 18:02:51","10/29/2025, 18:02:51","https://dme2wmiz2suov.cloudfront.net/Institution(149)/Logo/573324-Innomatics_research_labs_fevicon_Logo.png","",""
"Innomatics Research Labs","https://online.innomatics.in/myaccount/#/course/177714/lesson/241252?lesson=241252&lesson_type=exercise&section=421707&subject=415660","Closed","10/29/2025, 18:02:54","10/29/2025, 18:02:54","https://dme2wmiz2suov.cloudfront.net/Institution(149)/Logo/573324-Innomatics_research_labs_fevicon_Logo.png","",""
"Pandas Task - 3.docx - Google Docs","https://docs.google.com/document/d/1-LGr7CSYP102QFK1HcX1Aeo4F43L-ja-/edit","Closed","10/29/2025, 18:04:20","10/29/2025, 17:36:24","https://ssl.gstatic.com/docs/documents/images/kix-favicon-2023q4.ico","",""
"uncleaned_customers (1).csv - Google Drive","https://drive.google.com/file/d/1tnLEzP9tQPYSTUtfgI1rKq61vzRhUSeo/view","Closed","10/29/2025, 18:04:20","10/29/2025, 17:36:29","https://ssl.gstatic.com/images/branding/product/1x/drive_2020q4_32dp.png","",""
"Pandas Task - 2.docx - Google Docs","https://docs.google.com/document/d/1xvPqhkghCDyELA1ZQOquR9WhCHrxBZ9z/edit","Closed","10/29/2025, 18:04:20","10/29/2025, 16:27:20","https://ssl.gstatic.com/docs/documents/images/kix-favicon-2023q4.ico","",""
"Coffee_sales_uncleaned.csv - Google Drive","https://drive.google.com/file/d/1J5AiX2FAIaEDFznPKZTY9MbL3zUid657/view","Closed","10/29/2025, 18:04:20","10/29/2025, 16:27:25","https://ssl.gstatic.com/images/branding/product/1x/drive_2020q4_32dp.png","",""
"Pandas Task - 1.docx - Google Docs","https://docs.google.com/document/d/1YKoUfdKobWFcWyjfI_pzb6LnG4TFz7KR/edit","Closed","10/29/2025, 18:04:20","10/29/2025, 15:46:38","https://ssl.gstatic.com/docs/documents/images/kix-favicon-2023q4.ico","",""
"sales_data_uncleaned.csv - Google Drive","https://drive.google.com/file/d/1VanaDo_L-EdiMWwaqdm0jvTBM2B1B5eq/view","Closed","10/29/2025, 18:04:20","10/29/2025, 15:46:44","https://ssl.gstatic.com/images/branding/product/1x/drive_2020q4_32dp.png","",""
"Load dataset in pandas","https://chatgpt.com/c/6901ea3b-4ef8-8324-8b32-324da11b8e08","Closed","10/29/2025, 18:04:20","10/29/2025, 15:50:01","https://cdn.oaistatic.com/assets/favicon-l4nq08hd.svg","",""
"Data Description - Google Docs","https://docs.google.com/document/d/1-gOwoR3u4PNl3WWb5gGMs5o9pIztbM58GkRA3cKHRzQ/edit?usp=sharing","Closed","10/29/2025, 21:37:24","10/29/2025, 21:37:24","","",""
"Data Description - Google Docs","https://docs.google.com/document/d/1-gOwoR3u4PNl3WWb5gGMs5o9pIztbM58GkRA3cKHRzQ/edit?tab=t.0","Closed","10/29/2025, 21:37:24","10/29/2025, 21:37:24","","",""
"Data Description - Google Docs","https://docs.google.com/document/d/1-gOwoR3u4PNl3WWb5gGMs5o9pIztbM58GkRA3cKHRzQ/edit?tab=t.0#heading=h.x7veudhgz22l","Closed","10/29/2025, 21:41:01","10/29/2025, 21:37:26","https://ssl.gstatic.com/docs/documents/images/kix-favicon-2023q4.ico","",""
"myntra_dataset_ByScraping.csv - Google Drive","https://drive.google.com/file/d/1Lx9mEeEhbGrOrumD1jlVIMLamq-XrOpG/view?usp=sharing","Closed","10/29/2025, 21:41:33","10/29/2025, 21:41:33","","",""
"Pandas Task - 4.docx - Google Docs","https://docs.google.com/document/d/1VAsRu8ufqmSrpXU-8zAlDqfx5MCkHy8m/edit#heading=h.6cx5282guqnu","Closed","10/29/2025, 21:48:46","10/29/2025, 21:48:46","https://ssl.gstatic.com/docs/documents/images/kix-favicon-2023q4.ico","",""
"Pandas Task - 4.docx - Google Docs","https://docs.google.com/document/d/1VAsRu8ufqmSrpXU-8zAlDqfx5MCkHy8m/edit#heading=h.qq24d1w6a8x9","Closed","10/29/2025, 22:02:19","10/29/2025, 21:37:19","https://ssl.gstatic.com/docs/documents/images/kix-favicon-2023q4.ico","",""
"Data Description - Google Docs","https://docs.google.com/document/d/1-gOwoR3u4PNl3WWb5gGMs5o9pIztbM58GkRA3cKHRzQ/edit?tab=t.0#heading=h.xil3yv3mm6kz","Closed","10/29/2025, 22:02:19","10/29/2025, 21:41:30","https://ssl.gstatic.com/docs/documents/images/kix-favicon-2023q4.ico","",""
"myntra_dataset_ByScraping.csv - Google Drive","https://drive.google.com/file/d/1Lx9mEeEhbGrOrumD1jlVIMLamq-XrOpG/view","Closed","10/29/2025, 22:02:19","10/29/2025, 21:41:35","https://ssl.gstatic.com/images/branding/product/1x/drive_2020q4_32dp.png","",""
"Dataset description request","https://chatgpt.com/c/69023e67-35b0-8324-8852-5165db24ddde","Closed","10/29/2025, 22:02:19","10/29/2025, 21:49:50","https://cdn.oaistatic.com/assets/favicon-l4nq08hd.svg","",""
"What's New","chrome://whats-new/","Closed","10/29/2025, 23:20:51","10/29/2025, 23:20:51","","",""
"Pandas Task - 4.docx - Google Docs","https://docs.google.com/document/d/1VAsRu8ufqmSrpXU-8zAlDqfx5MCkHy8m/edit?tab=t.0#heading=h.ke3ftaifz41m","Closed","10/29/2025, 23:23:27","10/29/2025, 18:04:12","https://ssl.gstatic.com/docs/documents/images/kix-favicon-2023q4.ico","",""
"ChatGPT","https://chatgpt.com/","Closed","10/29/2025, 23:24:08","10/26/2025, 11:19:58","https://cdn.oaistatic.com/assets/favicon-l4nq08hd.svg","",""
"Pandas Task - 4.docx - Google Docs","https://docs.google.com/document/d/1VAsRu8ufqmSrpXU-8zAlDqfx5MCkHy8m/edit#heading=h.ke3ftaifz41m","Closed","10/29/2025, 23:24:08","10/29/2025, 18:04:11","https://ssl.gstatic.com/docs/documents/images/kix-favicon-2023q4.ico","",""
"Innomatics Research Labs","https://online.innomatics.in/myaccount/#/materials/415660/assignment/241250","Closed","10/30/2025, 00:07:34","10/29/2025, 18:04:07","https://dme2wmiz2suov.cloudfront.net/Institution(149)/Logo/573324-Innomatics_research_labs_fevicon_Logo.png","",""
"Pandas Task - 4.docx - Google Docs","https://docs.google.com/document/d/1VAsRu8ufqmSrpXU-8zAlDqfx5MCkHy8m/edit","Closed","10/30/2025, 00:07:34","10/29/2025, 21:47:57","https://ssl.gstatic.com/docs/documents/images/kix-favicon-2023q4.ico","",""
"Dataset options","https://chatgpt.com/c/690254ac-4728-8321-89d2-e14a05883202","Closed","10/30/2025, 00:07:34","10/29/2025, 23:24:08","https://cdn.oaistatic.com/assets/favicon-l4nq08hd.svg","",""
"Innomatics Research Labs","https://online.innomatics.in/myaccount/#/course/177714?subject=415660","Closed","10/30/2025, 11:39:20","10/27/2025, 11:38:11","https://dme2wmiz2suov.cloudfront.net/Institution(149)/Logo/573324-Innomatics_research_labs_fevicon_Logo.png","",""
"Innomatics Research Labs","https://online.innomatics.in/myaccount/#/course/177714/lesson/241250?lesson=241250&lesson_type=exercise&section=421707&subject=415660","Closed","10/30/2025, 11:39:29","10/29/2025, 15:43:47","https://dme2wmiz2suov.cloudfront.net/Institution(149)/Logo/573324-Innomatics_research_labs_fevicon_Logo.png","",""
"Innomatics Research Labs","https://online.innomatics.in/myaccount/#/course/177714/classrecords?class_id=415660&lesson=241250&section=421707&subject=415660","Closed","10/30/2025, 13:25:09","10/30/2025, 11:39:44","https://dme2wmiz2suov.cloudfront.net/Institution(149)/Logo/573324-Innomatics_research_labs_fevicon_Logo.png","",""
"New Tab","","Closed","10/30/2025, 14:51:28","10/26/2025, 11:39:31","","",""
"New Tab","chrome://newtab/","Open","10/30/2025, 14:51:28","10/26/2025, 10:08:48","","",""